T0001,H01
T0002,H02
T0003,H03
T0004,H04
T0005,H05
T0006,H06
T0007,H07
T0008,H08
T0009,H09
T0010,H10
T0011,H11
T0012,H12
T0013,H13
T0014,H14
T0015,H15
T0016,H16
T0017,H17
T0018,H18
T0019,H19
T0020,H20
T0021,H21
T0022,H22
T0023,H23
T0024,H24
T0025,H01
T0026,H02
T0027,H03
T0028,H04
T0029,H05
T0030,H06
T0031,H07
T0032,H08
T0033,H09
T0034,H10
T0035,H11
T0036,H12
T0037,H13
T0038,H14
T0039,H15
T0040,H16
T0041,H17
T0042,H18
T0043,H19
T0044,H20
T0045,H21
T0046,H22
T0047,H23
T0048,H24
T0049,H01
T0050,H02
T0051,H03
T0052,H04
T0053,H05
T0054,H06
T0055,H07
T0056,H08
T0057,H09
T0058,H10
T0059,H11
T0060,H12
T0061,H13
T0062,H14
T0063,H15
T0064,H16
T0065,H17
T0066,H18
T0067,H19
T0068,H20
T0069,H21
T0070,H22
T0071,H23
T0072,H24
T0073,H01
T0074,H02
T0075,H03
T0076,H04
T0077,H05
T0078,H06
T0079,H07
T0080,H08
T0081,H09
T0082,H10
T0083,H11
T0084,H12
T0085,H13
T0086,H14
T0087,H15
T0088,H16
T0089,H17
T0090,H18
T0091,H19
T0092,H20
T0093,H21
T0094,H22
T0095,H23
T0096,H24
T0097,H01
T0098,H02
T0099,H03
T0100,H04
T0101,H05
T0102,H06
T0103,H07
T0104,H08
T0105,H09
T0106,H10
T0107,H11
T0108,H12
T0109,H13
T0110,H14
T0111,H15
T0112,H16
T0113,H17
T0114,H18
T0115,H19
T0116,H20
T0117,H21
T0118,H22
T0119,H23
T0120,H24
T0121,H01
T0122,H02
T0123,H03
T0124,H04
T0125,H05
T0126,H06
T0127,H07
T0128,H08
T0129,H09
T0130,H10
T0131,H11
T0132,H12
T0133,H13
T0134,H14
T0135,H15
T0136,H16
T0137,H17
T0138,H18
T0139,H19
T0140,H20
T0141,H21
T0142,H22
T0143,H23
T0144,H24
T0145,H01
T0146,H02
T0147,H03
T0148,H04
T0149,H05
T0150,H06
T0151,H07
T0152,H08
T0153,H09
T0154,H10
T0155,H11
T0156,H12
T0157,H13
T0158,H14
T0159,H15
T0160,H16
T0161,H17
T0162,H18
T0163,H19
T0164,H20
T0165,H21
T0166,H22
T0167,H23
T0168,H24
T0169,H01
T0170,H02
T0171,H03
T0172,H04
T0173,H05
T0174,H06
T0175,H07
T0176,H08
T0177,H09
T0178,H10
T0179,H11
T0180,H12
T0181,H13
T0182,H14
T0183,H15
T0184,H16
T0185,H17
T0186,H18
T0187,H19
T0188,H20
T0189,H21
T0190,H22
T0191,H23
T0192,H24
T0193,H01
T0194,H02
T0195,H03
T0196,H04
T0197,H05
T0198,H06
T0199,H07
T0200,H08
T0201,H09
T0202,H10
T0203,H11
T0204,H12
T0205,H13
T0206,H14
T0207,H15
T0208,H16
T0209,H17
T0210,H18
T0211,H19
T0212,H20
T0213,H21
T0214,H22
T0215,H23
T0216,H24
T0217,H01
T0218,H02
T0219,H03
T0220,H04
T0221,H05
T0222,H06
T0223,H07
T0224,H08
T0225,H09
T0226,H10
T0227,H11
T0228,H12
T0229,H13
T0230,H14
T0231,H15
T0232,H16
T0233,H17
T0234,H18
T0235,H19
T0236,H20
T0237,H21
T0238,H22
T0239,H23
T0240,H24
T0241,H01
T0242,H02
T0243,H03
T0244,H04
T0245,H05
T0246,H06
T0247,H07
T0248,H08
T0249,H09
T0250,H10
T0251,H11
T0252,H12
T0253,H13
T0254,H14
T0255,H15
T0256,H16
T0257,H17
T0258,H18
T0259,H19
T0260,H20
T0261,H21
T0262,H22
T0263,H23
T0264,H24
T0265,H01
T0266,H02
T0267,H03
T0268,H04
T0269,H05
T0270,H06
T0271,H07
T0272,H08
T0273,H09
T0274,H10
T0275,H11
T0276,H12
T0277,H13
T0278,H14
T0279,H15
T0280,H16
T0281,H17
T0282,H18
T0283,H19
T0284,H20
T0285,H21
T0286,H22
T0287,H23
T0288,H24
T0289,H01
T0290,H02
T0291,H03
T0292,H04
T0293,H05
T0294,H06
T0295,H07
T0296,H08
T0297,H09
T0298,H10
T0299,H11
T0300,H12
T0301,H13
T0302,H14
T0303,H15
T0304,H16
T0305,H17
T0306,H18
T0307,H19
T0308,H20
T0309,H21
T0310,H22
T0311,H23
T0312,H24
T0313,H01
T0314,H02
T0315,H03
T0316,H04
T0317,H05
T0318,H06
T0319,H07
T0320,H08
T0321,H09
T0322,H10
T0323,H11
T0324,H12
T0325,H13
T0326,H14
T0327,H15
T0328,H16
T0329,H17
T0330,H18
T0331,H19
T0332,H20
T0333,H21
T0334,H22
T0335,H23
T0336,H24
T0337,H01
T0338,H02
T0339,H03
T0340,H04
T0341,H05
T0342,H06
T0343,H07
T0344,H08
T0345,H09
T0346,H10
T0347,H11
T0348,H12
T0349,H13
T0350,H14
T0351,H15
T0352,H16
T0353,H17
T0354,H18
T0355,H19
T0356,H20
T0357,H21
T0358,H22
T0359,H23
T0360,H24
T0361,H01
T0362,H02
T0363,H03
T0364,H04
T0365,H05
T0366,H06
T0367,H07
T0368,H08
T0369,H09
T0370,H10
T0371,H11
T0372,H12
T0373,H13
T0374,H14
T0375,H15
T0376,H16
T0377,H17
T0378,H18
T0379,H19
T0380,H20
T0381,H21
T0382,H22
T0383,H23
T0384,H24
T0385,H01
T0386,H02
T0387,H03
T0388,H04
T0389,H05
T0390,H06
T0391,H07
T0392,H08
T0393,H09
T0394,H10
T0395,H11
T0396,H12
T0397,H13
T0398,H14
T0399,H15
T0400,H16
T0401,H17
T0402,H18
T0403,H19
T0404,H20
T0405,H21
T0406,H22
T0407,H23
T0408,H24
T0409,H01
T0410,H02
T0411,H03
T0412,H04
T0413,H05
T0414,H06
T0415,H07
T0416,H08
T0417,H09
T0418,H10
T0419,H11
T0420,H12
T0421,H13
T0422,H14
T0423,H15
T0424,H16
T0425,H17
T0426,H18
T0427,H19
T0428,H20
T0429,H21
T0430,H22
T0431,H23
T0432,H24
T0433,H01
T0434,H02
T0435,H03
T0436,H04
T0437,H05
T0438,H06
T0439,H07
T0440,H08
T0441,H09
T0442,H10
T0443,H11
T0444,H12
T0445,H13
T0446,H14
T0447,H15
T0448,H16
T0449,H17
T0450,H18
T0451,H19
T0452,H20
T0453,H21
T0454,H22
T0455,H23
T0456,H24
T0457,H01
T0458,H02
T0459,H03
T0460,H04
T0461,H05
T0462,H06
T0463,H07
T0464,H08
T0465,H09
T0466,H10
T0467,H11
T0468,H12
T0469,H13
T0470,H14
T0471,H15
T0472,H16
T0473,H17
T0474,H18
T0475,H19
T0476,H20
T0477,H21
T0478,H22
T0479,H23
T0480,H24
T0481,H01
T0482,H02
T0483,H03
T0484,H04
T0485,H05
T0486,H06
T0487,H07
T0488,H08
T0489,H09
T0490,H10
T0491,H11
T0492,H12
T0493,H13
T0494,H14
T0495,H15
T0496,H16
T0497,H17
T0498,H18
T0499,H19
T0500,H20
T0501,H21
T0502,H22
T0503,H23
T0504,H24
T0505,H01
T0506,H02
T0507,H03
T0508,H04
T0509,H05
T0510,H06
T0511,H07
T0512,H08
T0513,H09
T0514,H10
T0515,H11
T0516,H12
T0517,H13
T0518,H14
T0519,H15
T0520,H16
T0521,H17
T0522,H18
T0523,H19
T0524,H20
T0525,H21
T0526,H22
T0527,H23
T0528,H24
T0529,H01
T0530,H02
T0531,H03
T0532,H04
T0533,H05
T0534,H06
T0535,H07
T0536,H08
T0537,H09
T0538,H10
T0539,H11
T0540,H12
T0541,H13
T0542,H14
T0543,H15
T0544,H16
T0545,H17
T0546,H18
T0547,H19
T0548,H20
T0549,H21
T0550,H22
T0551,H23
T0552,H24
T0553,H01
T0554,H02
T0555,H03
T0556,H04
T0557,H05
T0558,H06
T0559,H07
T0560,H08
T0561,H09
T0562,H10
T0563,H11
T0564,H12
T0565,H13
T0566,H14
T0567,H15
T0568,H16
T0569,H17
T0570,H18
T0571,H19
T0572,H20
T0573,H21
T0574,H22
T0575,H23
T0576,H24
T0577,H01
T0578,H02
T0579,H03
T0580,H04
T0581,H05
T0582,H06
T0583,H07
T0584,H08
T0585,H09
T0586,H10
T0587,H11
T0588,H12
T0589,H13
T0590,H14
T0591,H15
T0592,H16
T0593,H17
T0594,H18
T0595,H19
T0596,H20
T0597,H21
T0598,H22
T0599,H23
T0600,H24
T0601,H01
T0602,H02
T0603,H03
T0604,H04
T0605,H05
T0606,H06
T0607,H07
T0608,H08
T0609,H09
T0610,H10
T0611,H11
T0612,H12
T0613,H13
T0614,H14
T0615,H15
T0616,H16
T0617,H17
T0618,H18
T0619,H19
T0620,H20
T0621,H21
T0622,H22
T0623,H23
T0624,H24
T0625,H01
T0626,H02
T0627,H03
T0628,H04
T0629,H05
T0630,H06
T0631,H07
T0632,H08
T0633,H09
T0634,H10
T0635,H11
T0636,H12
T0637,H13
T0638,H14
T0639,H15
T0640,H16
T0641,H17
T0642,H18
T0643,H19
T0644,H20
T0645,H21
T0646,H22
T0647,H23
T0648,H24
T0649,H01
T0650,H02
T0651,H03
T0652,H04
T0653,H05
T0654,H06
T0655,H07
T0656,H08
T0657,H09
T0658,H10
T0659,H11
T0660,H12
T0661,H13
T0662,H14
T0663,H15
T0664,H16
T0665,H17
T0666,H18
T0667,H19
T0668,H20
T0669,H21
T0670,H22
T0671,H23
T0672,H24
T0673,H01
T0674,H02
T0675,H03
T0676,H04
T0677,H05
T0678,H06
T0679,H07
T0680,H08
T0681,H09
T0682,H10
T0683,H11
T0684,H12
T0685,H13
T0686,H14
T0687,H15
T0688,H16
T0689,H17
T0690,H18
T0691,H19
T0692,H20
T0693,H21
T0694,H22
T0695,H23
T0696,H24
T0697,H01
T0698,H02
T0699,H03
T0700,H04
T0701,H05
T0702,H06
T0703,H07
T0704,H08
T0705,H09
T0706,H10
T0707,H11
T0708,H12
T0709,H13
T0710,H14
T0711,H15
T0712,H16
T0713,H17
T0714,H18
T0715,H19
T0716,H20
T0717,H21
T0718,H22
T0719,H23
T0720,H24
T0721,H01
T0722,H02
T0723,H03
T0724,H04
T0725,H05
T0726,H06
T0727,H07
T0728,H08
T0729,H09
T0730,H10
T0731,H11
T0732,H12
T0733,H13
T0734,H14
T0735,H15
T0736,H16
T0737,H17
T0738,H18
T0739,H19
T0740,H20
T0741,H21
T0742,H22
T0743,H23
T0744,H24
T0745,H01
T0746,H02
T0747,H03
T0748,H04
T0749,H05
T0750,H06
T0751,H07
T0752,H08
T0753,H09
T0754,H10
T0755,H11
T0756,H12
T0757,H13
T0758,H14
T0759,H15
T0760,H16
T0761,H17
T0762,H18
T0763,H19
T0764,H20
T0765,H21
T0766,H22
T0767,H23
T0768,H24
T0769,H01
T0770,H02
T0771,H03
T0772,H04
T0773,H05
T0774,H06
T0775,H07
T0776,H08
T0777,H09
T0778,H10
T0779,H11
T0780,H12
T0781,H13
T0782,H14
T0783,H15
T0784,H16
T0785,H17
T0786,H18
T0787,H19
T0788,H20
T0789,H21
T0790,H22
T0791,H23
T0792,H24
T0793,H01
T0794,H02
T0795,H03
T0796,H04
T0797,H05
T0798,H06
T0799,H07
T0800,H08
T0801,H09
T0802,H10
T0803,H11
T0804,H12
T0805,H13
T0806,H14
T0807,H15
T0808,H16
T0809,H17
T0810,H18
T0811,H19
T0812,H20
T0813,H21
T0814,H22
T0815,H23
T0816,H24
T0817,H01
T0818,H02
T0819,H03
T0820,H04
T0821,H05
T0822,H06
T0823,H07
T0824,H08
T0825,H09
T0826,H10
T0827,H11
T0828,H12
T0829,H13
T0830,H14
T0831,H15
T0832,H16
T0833,H17
T0834,H18
T0835,H19
T0836,H20
T0837,H21
T0838,H22
T0839,H23
T0840,H24
T0841,H01
T0842,H02
T0843,H03
T0844,H04
T0845,H05
T0846,H06
T0847,H07
T0848,H08
T0849,H09
T0850,H10
T0851,H11
T0852,H12
T0853,H13
T0854,H14
T0855,H15
T0856,H16
T0857,H17
T0858,H18
T0859,H19
T0860,H20
T0861,H21
T0862,H22
T0863,H23
T0864,H24
T0865,H01
T0866,H02
T0867,H03
T0868,H04
T0869,H05
T0870,H06
T0871,H07
T0872,H08
T0873,H09
T0874,H10
T0875,H11
T0876,H12
T0877,H13
T0878,H14
T0879,H15
T0880,H16
T0881,H17
T0882,H18
T0883,H19
T0884,H20
T0885,H21
T0886,H22
T0887,H23
T0888,H24
T0889,H01
T0890,H02
T0891,H03
T0892,H04
T0893,H05
T0894,H06
T0895,H07
T0896,H08
T0897,H09
T0898,H10
T0899,H11
T0900,H12
T0901,H13
T0902,H14
T0903,H15
T0904,H16
T0905,H17
T0906,H18
T0907,H19
T0908,H20
T0909,H21
T0910,H22
T0911,H23
T0912,H24
T0913,H01
T0914,H02
T0915,H03
T0916,H04
T0917,H05
T0918,H06
T0919,H07
T0920,H08
T0921,H09
T0922,H10
T0923,H11
T0924,H12
T0925,H13
T0926,H14
T0927,H15
T0928,H16
T0929,H17
T0930,H18
T0931,H19
T0932,H20
T0933,H21
T0934,H22
T0935,H23
T0936,H24
T0937,H01
T0938,H02
T0939,H03
T0940,H04
T0941,H05
T0942,H06
T0943,H07
T0944,H08
T0945,H09
T0946,H10
T0947,H11
T0948,H12
T0949,H13
T0950,H14
T0951,H15
T0952,H16
T0953,H17
T0954,H18
T0955,H19
T0956,H20
T0957,H21
T0958,H22
T0959,H23
T0960,H24
T0961,H01
T0962,H02
T0963,H03
T0964,H04
T0965,H05
T0966,H06
T0967,H07
T0968,H08
T0969,H09
T0970,H10
T0971,H11
T0972,H12
T0973,H13
T0974,H14
T0975,H15
T0976,H16
T0977,H17
T0978,H18
T0979,H19
T0980,H20
T0981,H21
T0982,H22
T0983,H23
T0984,H24
T0985,H01
T0986,H02
T0987,H03
T0988,H04
T0989,H05
T0990,H06
T0991,H07
T0992,H08
T0993,H09
T0994,H10
T0995,H11
T0996,H12
T0997,H13
T0998,H14
T0999,H15
T1000,H16
T1001,H17
T1002,H18
T1003,H19
T1004,H20
T1005,H21
T1006,H22
T1007,H23
T1008,H24
T1009,H01
T1010,H02
T1011,H03
T1012,H04
T1013,H05
T1014,H06
T1015,H07
T1016,H08
T1017,H09
T1018,H10
T1019,H11
T1020,H12
T1021,H13
T1022,H14
T1023,H15
T1024,H16
T1025,H17
T1026,H18
T1027,H19
T1028,H20
T1029,H21
T1030,H22
T1031,H23
T1032,H24
T1033,H01
T1034,H02
T1035,H03
T1036,H04
T1037,H05
T1038,H06
T1039,H07
T1040,H08
T1041,H09
T1042,H10
T1043,H11
T1044,H12
T1045,H13
T1046,H14
T1047,H15
T1048,H16
T1049,H17
T1050,H18
T1051,H19
T1052,H20
T1053,H21
T1054,H22
T1055,H23
T1056,H24
T1057,H01
T1058,H02
T1059,H03
T1060,H04
T1061,H05
T1062,H06
T1063,H07
T1064,H08
T1065,H09
T1066,H10
T1067,H11
T1068,H12
T1069,H13
T1070,H14
T1071,H15
T1072,H16
T1073,H17
T1074,H18
T1075,H19
T1076,H20
T1077,H21
T1078,H22
T1079,H23
T1080,H24
T1081,H01
T1082,H02
T1083,H03
T1084,H04
T1085,H05
T1086,H06
T1087,H07
T1088,H08
T1089,H09
T1090,H10
T1091,H11
T1092,H12
T1093,H13
T1094,H14
T1095,H15
T1096,H16
T1097,H17
T1098,H18
T1099,H19
T1100,H20
T1101,H21
T1102,H22
T1103,H23
T1104,H24
T1105,H01
T1106,H02
T1107,H03
T1108,H04
T1109,H05
T1110,H06
T1111,H07
T1112,H08
T1113,H09
T1114,H10
T1115,H11
T1116,H12
T1117,H13
T1118,H14
T1119,H15
T1120,H16
T1121,H17
T1122,H18
T1123,H19
T1124,H20
T1125,H21
T1126,H22
T1127,H23
T1128,H24
T1129,H01
T1130,H02
T1131,H03
T1132,H04
T1133,H05
T1134,H06
T1135,H07
T1136,H08
T1137,H09
T1138,H10
T1139,H11
T1140,H12
T1141,H13
T1142,H14
T1143,H15
T1144,H16
T1145,H17
T1146,H18
T1147,H19
T1148,H20
T1149,H21
T1150,H22
T1151,H23
T1152,H24
T1153,H01
T1154,H02
T1155,H03
T1156,H04
T1157,H05
T1158,H06
T1159,H07
T1160,H08
T1161,H09
T1162,H10
T1163,H11
T1164,H12
T1165,H13
T1166,H14
T1167,H15
T1168,H16
T1169,H17
T1170,H18
T1171,H19
T1172,H20
T1173,H21
T1174,H22
T1175,H23
T1176,H24
T1177,H01
T1178,H02
T1179,H03
T1180,H04
T1181,H05
T1182,H06
T1183,H07
T1184,H08
T1185,H09
T1186,H10
T1187,H11
T1188,H12
T1189,H13
T1190,H14
T1191,H15
T1192,H16
T1193,H17
T1194,H18
T1195,H19
T1196,H20
T1197,H21
T1198,H22
T1199,H23
T1200,H24
T1201,H01
T1202,H02
T1203,H03
T1204,H04
T1205,H05
T1206,H06
T1207,H07
T1208,H08
T1209,H09
T1210,H10
T1211,H11
T1212,H12
T1213,H13
T1214,H14
T1215,H15
T1216,H16
T1217,H17
T1218,H18
T1219,H19
T1220,H20
T1221,H21
T1222,H22
T1223,H23
T1224,H24
T1225,H01
T1226,H02
T1227,H03
T1228,H04
T1229,H05
T1230,H06
T1231,H07
T1232,H08
T1233,H09
T1234,H10
T1235,H11
T1236,H12
T1237,H13
T1238,H14
T1239,H15
T1240,H16
T1241,H17
T1242,H18
T1243,H19
T1244,H20
T1245,H21
T1246,H22
T1247,H23
T1248,H24
T1249,H01
T1250,H02
T1251,H03
T1252,H04
T1253,H05
T1254,H06
T1255,H07
T1256,H08
T1257,H09
T1258,H10
T1259,H11
T1260,H12
T1261,H13
T1262,H14
T1263,H15
T1264,H16
T1265,H17
T1266,H18
T1267,H19
T1268,H20
T1269,H21
T1270,H22
T1271,H23
T1272,H24
T1273,H01
T1274,H02
T1275,H03
T1276,H04
T1277,H05
T1278,H06
T1279,H07
T1280,H08
T1281,H09
T1282,H10
T1283,H11
T1284,H12
T1285,H13
T1286,H14
T1287,H15
T1288,H16
T1289,H17
T1290,H18
T1291,H19
T1292,H20
T1293,H21
T1294,H22
T1295,H23
T1296,H24
T1297,H01
T1298,H02
T1299,H03
T1300,H04
T1301,H05
T1302,H06
T1303,H07
T1304,H08
T1305,H09
T1306,H10
T1307,H11
T1308,H12
T1309,H13
T1310,H14
T1311,H15
T1312,H16
T1313,H17
T1314,H18
T1315,H19
T1316,H20
T1317,H21
T1318,H22
T1319,H23
T1320,H24
T1321,H01
T1322,H02
T1323,H03
T1324,H04
T1325,H05
T1326,H06
T1327,H07
T1328,H08
T1329,H09
T1330,H10
T1331,H11
T1332,H12
T1333,H13
T1334,H14
T1335,H15
T1336,H16
T1337,H17
T1338,H18
T1339,H19
T1340,H20
T1341,H21
T1342,H22
T1343,H23
T1344,H24
T1345,H01
T1346,H02
T1347,H03
T1348,H04
T1349,H05
T1350,H06
T1351,H07
T1352,H08
T1353,H09
T1354,H10
T1355,H11
T1356,H12
T1357,H13
T1358,H14
T1359,H15
T1360,H16
T1361,H17
T1362,H18
T1363,H19
T1364,H20
T1365,H21
T1366,H22
T1367,H23
T1368,H24
T1369,H01
T1370,H02
T1371,H03
T1372,H04
T1373,H05
T1374,H06
T1375,H07
T1376,H08
T1377,H09
T1378,H10
T1379,H11
T1380,H12
T1381,H13
T1382,H14
T1383,H15
T1384,H16
T1385,H17
T1386,H18
T1387,H19
T1388,H20
T1389,H21
T1390,H22
T1391,H23
T1392,H24
T1393,H01
T1394,H02
T1395,H03
T1396,H04
T1397,H05
T1398,H06
T1399,H07
T1400,H08
T1401,H09
T1402,H10
T1403,H11
T1404,H12
T1405,H13
T1406,H14
T1407,H15
T1408,H16
T1409,H17
T1410,H18
T1411,H19
T1412,H20
T1413,H21
T1414,H22
T1415,H23
T1416,H24
T1417,H01
T1418,H02
T1419,H03
T1420,H04
T1421,H05
T1422,H06
T1423,H07
T1424,H08
T1425,H09
T1426,H10
T1427,H11
T1428,H12
T1429,H13
T1430,H14
T1431,H15
T1432,H16
T1433,H17
T1434,H18
T1435,H19
T1436,H20
T1437,H21
T1438,H22
T1439,H23
T1440,H24
T1441,H01
T1442,H02
T1443,H03
T1444,H04
T1445,H05
T1446,H06
T1447,H07
T1448,H08
T1449,H09
T1450,H10
T1451,H11
T1452,H12
T1453,H13
T1454,H14
T1455,H15
T1456,H16
T1457,H17
T1458,H18
T1459,H19
T1460,H20
T1461,H21
T1462,H22
T1463,H23
T1464,H24
T1465,H01
T1466,H02
T1467,H03
T1468,H04
T1469,H05
T1470,H06
T1471,H07
T1472,H08
T1473,H09
T1474,H10
T1475,H11
T1476,H12
T1477,H13
T1478,H14
T1479,H15
T1480,H16
T1481,H17
T1482,H18
T1483,H19
T1484,H20
T1485,H21
T1486,H22
T1487,H23
T1488,H24
T1489,H01
T1490,H02
T1491,H03
T1492,H04
T1493,H05
T1494,H06
T1495,H07
T1496,H08
T1497,H09
T1498,H10
T1499,H11
T1500,H12
T1501,H13
T1502,H14
T1503,H15
T1504,H16
T1505,H17
T1506,H18
T1507,H19
T1508,H20
T1509,H21
T1510,H22
T1511,H23
T1512,H24
T1513,H01
T1514,H02
T1515,H03
T1516,H04
T1517,H05
T1518,H06
T1519,H07
T1520,H08
T1521,H09
T1522,H10
T1523,H11
T1524,H12
T1525,H13
T1526,H14
T1527,H15
T1528,H16
T1529,H17
T1530,H18
T1531,H19
T1532,H20
T1533,H21
T1534,H22
T1535,H23
T1536,H24
T1537,H01
T1538,H02
T1539,H03
T1540,H04
T1541,H05
T1542,H06
T1543,H07
T1544,H08
T1545,H09
T1546,H10
T1547,H11
T1548,H12
T1549,H13
T1550,H14
T1551,H15
T1552,H16
T1553,H17
T1554,H18
T1555,H19
T1556,H20
T1557,H21
T1558,H22
T1559,H23
T1560,H24
T1561,H01
T1562,H02
T1563,H03
T1564,H04
T1565,H05
T1566,H06
T1567,H07
T1568,H08
T1569,H09
T1570,H10
T1571,H11
T1572,H12
T1573,H13
T1574,H14
T1575,H15
T1576,H16
T1577,H17
T1578,H18
T1579,H19
T1580,H20
T1581,H21
T1582,H22
T1583,H23
T1584,H24
T1585,H01
T1586,H02
T1587,H03
T1588,H04
T1589,H05
T1590,H06
T1591,H07
T1592,H08
T1593,H09
T1594,H10
T1595,H11
T1596,H12
T1597,H13
T1598,H14
T1599,H15
T1600,H16
T1601,H17
T1602,H18
T1603,H19
T1604,H20
T1605,H21
T1606,H22
T1607,H23
T1608,H24
T1609,H01
T1610,H02
T1611,H03
T1612,H04
T1613,H05
T1614,H06
T1615,H07
T1616,H08
T1617,H09
T1618,H10
T1619,H11
T1620,H12
T1621,H13
T1622,H14
T1623,H15
T1624,H16
T1625,H17
T1626,H18
T1627,H19
T1628,H20
T1629,H21
T1630,H22
T1631,H23
T1632,H24
T1633,H01
T1634,H02
T1635,H03
T1636,H04
T1637,H05
T1638,H06
T1639,H07
T1640,H08
T1641,H09
T1642,H10
T1643,H11
T1644,H12
T1645,H13
T1646,H14
T1647,H15
T1648,H16
T1649,H17
T1650,H18
T1651,H19
T1652,H20
T1653,H21
T1654,H22
T1655,H23
T1656,H24
T1657,H01
T1658,H02
T1659,H03
T1660,H04
T1661,H05
T1662,H06
T1663,H07
T1664,H08
T1665,H09
T1666,H10
T1667,H11
T1668,H12
T1669,H13
T1670,H14
T1671,H15
T1672,H16
T1673,H17
T1674,H18
T1675,H19
T1676,H20
T1677,H21
T1678,H22
T1679,H23
T1680,H24
T1681,H01
T1682,H02
T1683,H03
T1684,H04
T1685,H05
T1686,H06
T1687,H07
T1688,H08
T1689,H09
T1690,H10
T1691,H11
T1692,H12
T1693,H13
T1694,H14
T1695,H15
T1696,H16
T1697,H17
T1698,H18
T1699,H19
T1700,H20
T1701,H21
T1702,H22
T1703,H23
T1704,H24
T1705,H01
T1706,H02
T1707,H03
T1708,H04
T1709,H05
T1710,H06
T1711,H07
T1712,H08
T1713,H09
T1714,H10
T1715,H11
T1716,H12
T1717,H13
T1718,H14
T1719,H15
T1720,H16
T1721,H17
T1722,H18
T1723,H19
T1724,H20
T1725,H21
T1726,H22
T1727,H23
T1728,H24
T1729,H01
T1730,H02
T1731,H03
T1732,H04
T1733,H05
T1734,H06
T1735,H07
T1736,H08
T1737,H09
T1738,H10
T1739,H11
T1740,H12
T1741,H13
T1742,H14
T1743,H15
T1744,H16
T1745,H17
T1746,H18
T1747,H19
T1748,H20
T1749,H21
T1750,H22
T1751,H23
T1752,H24
T1753,H01
T1754,H02
T1755,H03
T1756,H04
T1757,H05
T1758,H06
T1759,H07
T1760,H08
T1761,H09
T1762,H10
T1763,H11
T1764,H12
T1765,H13
T1766,H14
T1767,H15
T1768,H16
T1769,H17
T1770,H18
T1771,H19
T1772,H20
T1773,H21
T1774,H22
T1775,H23
T1776,H24
T1777,H01
T1778,H02
T1779,H03
T1780,H04
T1781,H05
T1782,H06
T1783,H07
T1784,H08
T1785,H09
T1786,H10
T1787,H11
T1788,H12
T1789,H13
T1790,H14
T1791,H15
T1792,H16
T1793,H17
T1794,H18
T1795,H19
T1796,H20
T1797,H21
T1798,H22
T1799,H23
T1800,H24
T1801,H01
T1802,H02
T1803,H03
T1804,H04
T1805,H05
T1806,H06
T1807,H07
T1808,H08
T1809,H09
T1810,H10
T1811,H11
T1812,H12
T1813,H13
T1814,H14
T1815,H15
T1816,H16
T1817,H17
T1818,H18
T1819,H19
T1820,H20
T1821,H21
T1822,H22
T1823,H23
T1824,H24
T1825,H01
T1826,H02
T1827,H03
T1828,H04
T1829,H05
T1830,H06
T1831,H07
T1832,H08
T1833,H09
T1834,H10
T1835,H11
T1836,H12
T1837,H13
T1838,H14
T1839,H15
T1840,H16
T1841,H17
T1842,H18
T1843,H19
T1844,H20
T1845,H21
T1846,H22
T1847,H23
T1848,H24
T1849,H01
T1850,H02
T1851,H03
T1852,H04
T1853,H05
T1854,H06
T1855,H07
T1856,H08
T1857,H09
T1858,H10
T1859,H11
T1860,H12
T1861,H13
T1862,H14
T1863,H15
T1864,H16
T1865,H17
T1866,H18
T1867,H19
T1868,H20
T1869,H21
T1870,H22
T1871,H23
T1872,H24
T1873,H01
T1874,H02
T1875,H03
T1876,H04
T1877,H05
T1878,H06
T1879,H07
T1880,H08
T1881,H09
T1882,H10
T1883,H11
T1884,H12
T1885,H13
T1886,H14
T1887,H15
T1888,H16
T1889,H17
T1890,H18
T1891,H19
T1892,H20
T1893,H21
T1894,H22
T1895,H23
T1896,H24
T1897,H01
T1898,H02
T1899,H03
T1900,H04
T1901,H05
T1902,H06
T1903,H07
T1904,H08
T1905,H09
T1906,H10
T1907,H11
T1908,H12
T1909,H13
T1910,H14
T1911,H15
T1912,H16
T1913,H17
T1914,H18
T1915,H19
T1916,H20
T1917,H21
T1918,H22
T1919,H23
T1920,H24
T1921,H01
T1922,H02
T1923,H03
T1924,H04
T1925,H05
T1926,H06
T1927,H07
T1928,H08
T1929,H09
T1930,H10
T1931,H11
T1932,H12
T1933,H13
T1934,H14
T1935,H15
T1936,H16
T1937,H17
T1938,H18
T1939,H19
T1940,H20
T1941,H21
T1942,H22
T1943,H23
T1944,H24
T1945,H01
T1946,H02
T1947,H03
T1948,H04
T1949,H05
T1950,H06
T1951,H07
T1952,H08
T1953,H09
T1954,H10
T1955,H11
T1956,H12
T1957,H13
T1958,H14
T1959,H15
T1960,H16
T1961,H17
T1962,H18
T1963,H19
T1964,H20
T1965,H21
T1966,H22
T1967,H23
T1968,H24
T1969,H01
T1970,H02
T1971,H03
T1972,H04
T1973,H05
T1974,H06
T1975,H07
T1976,H08
T1977,H09
T1978,H10
T1979,H11
T1980,H12
T1981,H13
T1982,H14
T1983,H15
T1984,H16
T1985,H17
T1986,H18
T1987,H19
T1988,H20
T1989,H21
T1990,H22
T1991,H23
T1992,H24
T1993,H01
T1994,H02
T1995,H03
T1996,H04
T1997,H05
T1998,H06
T1999,H07
T2000,H08
T2001,H09
T2002,H10
T2003,H11
T2004,H12
T2005,H13
T2006,H14
T2007,H15
T2008,H16
T2009,H17
T2010,H18
T2011,H19
T2012,H20
T2013,H21
T2014,H22
T2015,H23
T2016,H24
T2017,H01
T2018,H02
T2019,H03
T2020,H04
T2021,H05
T2022,H06
T2023,H07
T2024,H08
T2025,H09
T2026,H10
T2027,H11
T2028,H12
T2029,H13
T2030,H14
T2031,H15
T2032,H16
T2033,H17
T2034,H18
T2035,H19
T2036,H20
T2037,H21
T2038,H22
T2039,H23
T2040,H24
T2041,H01
T2042,H02
T2043,H03
T2044,H04
T2045,H05
T2046,H06
T2047,H07
T2048,H08
T2049,H09
T2050,H10
T2051,H11
T2052,H12
T2053,H13
T2054,H14
T2055,H15
T2056,H16
T2057,H17
T2058,H18
T2059,H19
T2060,H20
T2061,H21
T2062,H22
T2063,H23
T2064,H24
T2065,H01
T2066,H02
T2067,H03
T2068,H04
T2069,H05
T2070,H06
T2071,H07
T2072,H08
T2073,H09
T2074,H10
T2075,H11
T2076,H12
T2077,H13
T2078,H14
T2079,H15
T2080,H16
T2081,H17
T2082,H18
T2083,H19
T2084,H20
T2085,H21
T2086,H22
T2087,H23
T2088,H24
T2089,H01
T2090,H02
T2091,H03
T2092,H04
T2093,H05
T2094,H06
T2095,H07
T2096,H08
T2097,H09
T2098,H10
T2099,H11
T2100,H12
T2101,H13
T2102,H14
T2103,H15
T2104,H16
T2105,H17
T2106,H18
T2107,H19
T2108,H20
T2109,H21
T2110,H22
T2111,H23
T2112,H24
T2113,H01
T2114,H02
T2115,H03
T2116,H04
T2117,H05
T2118,H06
T2119,H07
T2120,H08
T2121,H09
T2122,H10
T2123,H11
T2124,H12
T2125,H13
T2126,H14
T2127,H15
T2128,H16
T2129,H17
T2130,H18
T2131,H19
T2132,H20
T2133,H21
T2134,H22
T2135,H23
T2136,H24
T2137,H01
T2138,H02
T2139,H03
T2140,H04
T2141,H05
T2142,H06
T2143,H07
T2144,H08
T2145,H09
T2146,H10
T2147,H11
T2148,H12
T2149,H13
T2150,H14
T2151,H15
T2152,H16
T2153,H17
T2154,H18
T2155,H19
T2156,H20
T2157,H21
T2158,H22
T2159,H23
T2160,H24
T2161,H01
T2162,H02
T2163,H03
T2164,H04
T2165,H05
T2166,H06
T2167,H07
T2168,H08
T2169,H09
T2170,H10
T2171,H11
T2172,H12
T2173,H13
T2174,H14
T2175,H15
T2176,H16
T2177,H17
T2178,H18
T2179,H19
T2180,H20
T2181,H21
T2182,H22
T2183,H23
T2184,H24
T2185,H01
T2186,H02
T2187,H03
T2188,H04
T2189,H05
T2190,H06
T2191,H07
T2192,H08
T2193,H09
T2194,H10
T2195,H11
T2196,H12
T2197,H13
T2198,H14
T2199,H15
T2200,H16
T2201,H17
T2202,H18
T2203,H19
T2204,H20
T2205,H21
T2206,H22
T2207,H23
T2208,H24
T2209,H01
T2210,H02
T2211,H03
T2212,H04
T2213,H05
T2214,H06
T2215,H07
T2216,H08
T2217,H09
T2218,H10
T2219,H11
T2220,H12
T2221,H13
T2222,H14
T2223,H15
T2224,H16
T2225,H17
T2226,H18
T2227,H19
T2228,H20
T2229,H21
T2230,H22
T2231,H23
T2232,H24
T2233,H01
T2234,H02
T2235,H03
T2236,H04
T2237,H05
T2238,H06
T2239,H07
T2240,H08
T2241,H09
T2242,H10
T2243,H11
T2244,H12
T2245,H13
T2246,H14
T2247,H15
T2248,H16
T2249,H17
T2250,H18
T2251,H19
T2252,H20
T2253,H21
T2254,H22
T2255,H23
T2256,H24
T2257,H01
T2258,H02
T2259,H03
T2260,H04
T2261,H05
T2262,H06
T2263,H07
T2264,H08
T2265,H09
T2266,H10
T2267,H11
T2268,H12
T2269,H13
T2270,H14
T2271,H15
T2272,H16
T2273,H17
T2274,H18
T2275,H19
T2276,H20
T2277,H21
T2278,H22
T2279,H23
T2280,H24
T2281,H01
T2282,H02
T2283,H03
T2284,H04
T2285,H05
T2286,H06
T2287,H07
T2288,H08
T2289,H09
T2290,H10
T2291,H11
T2292,H12
T2293,H13
T2294,H14
T2295,H15
T2296,H16
T2297,H17
T2298,H18
T2299,H19
T2300,H20
T2301,H21
T2302,H22
T2303,H23
T2304,H24
T2305,H01
T2306,H02
T2307,H03
T2308,H04
T2309,H05
T2310,H06
T2311,H07
T2312,H08
T2313,H09
T2314,H10
T2315,H11
T2316,H12
T2317,H13
T2318,H14
T2319,H15
T2320,H16
T2321,H17
T2322,H18
T2323,H19
T2324,H20
T2325,H21
T2326,H22
T2327,H23
T2328,H24
T2329,H01
T2330,H02
T2331,H03
T2332,H04
T2333,H05
T2334,H06
T2335,H07
T2336,H08
T2337,H09
T2338,H10
T2339,H11
T2340,H12
T2341,H13
T2342,H14
T2343,H15
T2344,H16
T2345,H17
T2346,H18
T2347,H19
T2348,H20
T2349,H21
T2350,H22
T2351,H23
T2352,H24
T2353,H01
T2354,H02
T2355,H03
T2356,H04
T2357,H05
T2358,H06
T2359,H07
T2360,H08
T2361,H09
T2362,H10
T2363,H11
T2364,H12
T2365,H13
T2366,H14
T2367,H15
T2368,H16
T2369,H17
T2370,H18
T2371,H19
T2372,H20
T2373,H21
T2374,H22
T2375,H23
T2376,H24
T2377,H01
T2378,H02
T2379,H03
T2380,H04
T2381,H05
T2382,H06
T2383,H07
T2384,H08
T2385,H09
T2386,H10
T2387,H11
T2388,H12
T2389,H13
T2390,H14
T2391,H15
T2392,H16
T2393,H17
T2394,H18
T2395,H19
T2396,H20
T2397,H21
T2398,H22
T2399,H23
T2400,H24
T2401,H01
T2402,H02
T2403,H03
T2404,H04
T2405,H05
T2406,H06
T2407,H07
T2408,H08
T2409,H09
T2410,H10
T2411,H11
T2412,H12
T2413,H13
T2414,H14
T2415,H15
T2416,H16
T2417,H17
T2418,H18
T2419,H19
T2420,H20
T2421,H21
T2422,H22
T2423,H23
T2424,H24
T2425,H01
T2426,H02
T2427,H03
T2428,H04
T2429,H05
T2430,H06
T2431,H07
T2432,H08
T2433,H09
T2434,H10
T2435,H11
T2436,H12
T2437,H13
T2438,H14
T2439,H15
T2440,H16
T2441,H17
T2442,H18
T2443,H19
T2444,H20
T2445,H21
T2446,H22
T2447,H23
T2448,H24
T2449,H01
T2450,H02
T2451,H03
T2452,H04
T2453,H05
T2454,H06
T2455,H07
T2456,H08
T2457,H09
T2458,H10
T2459,H11
T2460,H12
T2461,H13
T2462,H14
T2463,H15
T2464,H16
T2465,H17
T2466,H18
T2467,H19
T2468,H20
T2469,H21
T2470,H22
T2471,H23
T2472,H24
T2473,H01
T2474,H02
T2475,H03
T2476,H04
T2477,H05
T2478,H06
T2479,H07
T2480,H08
T2481,H09
T2482,H10
T2483,H11
T2484,H12
T2485,H13
T2486,H14
T2487,H15
T2488,H16
T2489,H17
T2490,H18
T2491,H19
T2492,H20
T2493,H21
T2494,H22
T2495,H23
T2496,H24
T2497,H01
T2498,H02
T2499,H03
T2500,H04
T2501,H05
T2502,H06
T2503,H07
T2504,H08
T2505,H09
T2506,H10
T2507,H11
T2508,H12
T2509,H13
T2510,H14
T2511,H15
T2512,H16
T2513,H17
T2514,H18
T2515,H19
T2516,H20
T2517,H21
T2518,H22
T2519,H23
T2520,H24
T2521,H01
T2522,H02
T2523,H03
T2524,H04
T2525,H05
T2526,H06
T2527,H07
T2528,H08
T2529,H09
T2530,H10
T2531,H11
T2532,H12
T2533,H13
T2534,H14
T2535,H15
T2536,H16
T2537,H17
T2538,H18
T2539,H19
T2540,H20
T2541,H21
T2542,H22
T2543,H23
T2544,H24
T2545,H01
T2546,H02
T2547,H03
T2548,H04
T2549,H05
T2550,H06
T2551,H07
T2552,H08
T2553,H09
T2554,H10
T2555,H11
T2556,H12
T2557,H13
T2558,H14
T2559,H15
T2560,H16
T2561,H17
T2562,H18
T2563,H19
T2564,H20
T2565,H21
T2566,H22
T2567,H23
T2568,H24
T2569,H01
T2570,H02
T2571,H03
T2572,H04
T2573,H05
T2574,H06
T2575,H07
T2576,H08
T2577,H09
T2578,H10
T2579,H11
T2580,H12
T2581,H13
T2582,H14
T2583,H15
T2584,H16
T2585,H17
T2586,H18
T2587,H19
T2588,H20
T2589,H21
T2590,H22
T2591,H23
T2592,H24
T2593,H01
T2594,H02
T2595,H03
T2596,H04
T2597,H05
T2598,H06
T2599,H07
T2600,H08
T2601,H09
T2602,H10
T2603,H11
T2604,H12
T2605,H13
T2606,H14
T2607,H15
T2608,H16
T2609,H17
T2610,H18
T2611,H19
T2612,H20
T2613,H21
T2614,H22
T2615,H23
T2616,H24
T2617,H01
T2618,H02
T2619,H03
T2620,H04
T2621,H05
T2622,H06
T2623,H07
T2624,H08
T2625,H09
T2626,H10
T2627,H11
T2628,H12
T2629,H13
T2630,H14
T2631,H15
T2632,H16
T2633,H17
T2634,H18
T2635,H19
T2636,H20
T2637,H21
T2638,H22
T2639,H23
T2640,H24
T2641,H01
T2642,H02
T2643,H03
T2644,H04
T2645,H05
T2646,H06
T2647,H07
T2648,H08
T2649,H09
T2650,H10
T2651,H11
T2652,H12
T2653,H13
T2654,H14
T2655,H15
T2656,H16
T2657,H17
T2658,H18
T2659,H19
T2660,H20
T2661,H21
T2662,H22
T2663,H23
T2664,H24
T2665,H01
T2666,H02
T2667,H03
T2668,H04
T2669,H05
T2670,H06
T2671,H07
T2672,H08
T2673,H09
T2674,H10
T2675,H11
T2676,H12
T2677,H13
T2678,H14
T2679,H15
T2680,H16
T2681,H17
T2682,H18
T2683,H19
T2684,H20
T2685,H21
T2686,H22
T2687,H23
T2688,H24
T2689,H01
T2690,H02
T2691,H03
T2692,H04
T2693,H05
T2694,H06
T2695,H07
T2696,H08
T2697,H09
T2698,H10
T2699,H11
T2700,H12
T2701,H13
T2702,H14
T2703,H15
T2704,H16
T2705,H17
T2706,H18
T2707,H19
T2708,H20
T2709,H21
T2710,H22
T2711,H23
T2712,H24
T2713,H01
T2714,H02
T2715,H03
T2716,H04
T2717,H05
T2718,H06
T2719,H07
T2720,H08
T2721,H09
T2722,H10
T2723,H11
T2724,H12
T2725,H13
T2726,H14
T2727,H15
T2728,H16
T2729,H17
T2730,H18
T2731,H19
T2732,H20
T2733,H21
T2734,H22
T2735,H23
T2736,H24
T2737,H01
T2738,H02
T2739,H03
T2740,H04
T2741,H05
T2742,H06
T2743,H07
T2744,H08
T2745,H09
T2746,H10
T2747,H11
T2748,H12
T2749,H13
T2750,H14
T2751,H15
T2752,H16
T2753,H17
T2754,H18
T2755,H19
T2756,H20
T2757,H21
T2758,H22
T2759,H23
T2760,H24
T2761,H01
T2762,H02
T2763,H03
T2764,H04
T2765,H05
T2766,H06
T2767,H07
T2768,H08
T2769,H09
T2770,H10
T2771,H11
T2772,H12
T2773,H13
T2774,H14
T2775,H15
T2776,H16
T2777,H17
T2778,H18
T2779,H19
T2780,H20
T2781,H21
T2782,H22
T2783,H23
T2784,H24
T2785,H01
T2786,H02
T2787,H03
T2788,H04
T2789,H05
T2790,H06
T2791,H07
T2792,H08
T2793,H09
T2794,H10
T2795,H11
T2796,H12
T2797,H13
T2798,H14
T2799,H15
T2800,H16
T2801,H17
T2802,H18
T2803,H19
T2804,H20
T2805,H21
T2806,H22
T2807,H23
T2808,H24
T2809,H01
T2810,H02
T2811,H03
T2812,H04
T2813,H05
T2814,H06
T2815,H07
T2816,H08
T2817,H09
T2818,H10
T2819,H11
T2820,H12
T2821,H13
T2822,H14
T2823,H15
T2824,H16
T2825,H17
T2826,H18
T2827,H19
T2828,H20
T2829,H21
T2830,H22
T2831,H23
T2832,H24
T2833,H01
T2834,H02
T2835,H03
T2836,H04
T2837,H05
T2838,H06
T2839,H07
T2840,H08
T2841,H09
T2842,H10
T2843,H11
T2844,H12
T2845,H13
T2846,H14
T2847,H15
T2848,H16
T2849,H17
T2850,H18
T2851,H19
T2852,H20
T2853,H21
T2854,H22
T2855,H23
T2856,H24
T2857,H01
T2858,H02
T2859,H03
T2860,H04
T2861,H05
T2862,H06
T2863,H07
T2864,H08
T2865,H09
T2866,H10
T2867,H11
T2868,H12
T2869,H13
T2870,H14
T2871,H15
T2872,H16
T2873,H17
T2874,H18
T2875,H19
T2876,H20
T2877,H21
T2878,H22
T2879,H23
T2880,H24
T2881,H01
T2882,H02
T2883,H03
T2884,H04
T2885,H05
T2886,H06
T2887,H07
T2888,H08
T2889,H09
T2890,H10
T2891,H11
T2892,H12
T2893,H13
T2894,H14
T2895,H15
T2896,H16
T2897,H17
T2898,H18
T2899,H19
T2900,H20
T2901,H21
T2902,H22
T2903,H23
T2904,H24
T2905,H01
T2906,H02
T2907,H03
T2908,H04
T2909,H05
T2910,H06
T2911,H07
T2912,H08
T2913,H09
T2914,H10
T2915,H11
T2916,H12
T2917,H13
T2918,H14
T2919,H15
T2920,H16
T2921,H17
T2922,H18
T2923,H19
T2924,H20
T2925,H21
T2926,H22
T2927,H23
T2928,H24
T2929,H01
T2930,H02
T2931,H03
T2932,H04
T2933,H05
T2934,H06
T2935,H07
T2936,H08
T2937,H09
T2938,H10
T2939,H11
T2940,H12
T2941,H13
T2942,H14
T2943,H15
T2944,H16
T2945,H17
T2946,H18
T2947,H19
T2948,H20
T2949,H21
T2950,H22
T2951,H23
T2952,H24
T2953,H01
T2954,H02
T2955,H03
T2956,H04
T2957,H05
T2958,H06
T2959,H07
T2960,H08
T2961,H09
T2962,H10
T2963,H11
T2964,H12
T2965,H13
T2966,H14
T2967,H15
T2968,H16
T2969,H17
T2970,H18
T2971,H19
T2972,H20
T2973,H21
T2974,H22
T2975,H23
T2976,H24
T2977,H01
T2978,H02
T2979,H03
T2980,H04
T2981,H05
T2982,H06
T2983,H07
T2984,H08
T2985,H09
T2986,H10
T2987,H11
T2988,H12
T2989,H13
T2990,H14
T2991,H15
T2992,H16
T2993,H17
T2994,H18
T2995,H19
T2996,H20
T2997,H21
T2998,H22
T2999,H23
T3000,H24
T3001,H01
T3002,H02
T3003,H03
T3004,H04
T3005,H05
T3006,H06
T3007,H07
T3008,H08
T3009,H09
T3010,H10
T3011,H11
T3012,H12
T3013,H13
T3014,H14
T3015,H15
T3016,H16
T3017,H17
T3018,H18
T3019,H19
T3020,H20
T3021,H21
T3022,H22
T3023,H23
T3024,H24
T3025,H01
T3026,H02
T3027,H03
T3028,H04
T3029,H05
T3030,H06
T3031,H07
T3032,H08
T3033,H09
T3034,H10
T3035,H11
T3036,H12
T3037,H13
T3038,H14
T3039,H15
T3040,H16
T3041,H17
T3042,H18
T3043,H19
T3044,H20
T3045,H21
T3046,H22
T3047,H23
T3048,H24
T3049,H01
T3050,H02
T3051,H03
T3052,H04
T3053,H05
T3054,H06
T3055,H07
T3056,H08
T3057,H09
T3058,H10
T3059,H11
T3060,H12
T3061,H13
T3062,H14
T3063,H15
T3064,H16
T3065,H17
T3066,H18
T3067,H19
T3068,H20
T3069,H21
T3070,H22
T3071,H23
T3072,H24
T3073,H01
T3074,H02
T3075,H03
T3076,H04
T3077,H05
T3078,H06
T3079,H07
T3080,H08
T3081,H09
T3082,H10
T3083,H11
T3084,H12
T3085,H13
T3086,H14
T3087,H15
T3088,H16
T3089,H17
T3090,H18
T3091,H19
T3092,H20
T3093,H21
T3094,H22
T3095,H23
T3096,H24
T3097,H01
T3098,H02
T3099,H03
T3100,H04
T3101,H05
T3102,H06
T3103,H07
T3104,H08
T3105,H09
T3106,H10
T3107,H11
T3108,H12
T3109,H13
T3110,H14
T3111,H15
T3112,H16
T3113,H17
T3114,H18
T3115,H19
T3116,H20
T3117,H21
T3118,H22
T3119,H23
T3120,H24
T3121,H01
T3122,H02
T3123,H03
T3124,H04
T3125,H05
T3126,H06
T3127,H07
T3128,H08
T3129,H09
T3130,H10
T3131,H11
T3132,H12
T3133,H13
T3134,H14
T3135,H15
T3136,H16
T3137,H17
T3138,H18
T3139,H19
T3140,H20
T3141,H21
T3142,H22
T3143,H23
T3144,H24
T3145,H01
T3146,H02
T3147,H03
T3148,H04
T3149,H05
T3150,H06
T3151,H07
T3152,H08
T3153,H09
T3154,H10
T3155,H11
T3156,H12
T3157,H13
T3158,H14
T3159,H15
T3160,H16
T3161,H17
T3162,H18
T3163,H19
T3164,H20
T3165,H21
T3166,H22
T3167,H23
T3168,H24
T3169,H01
T3170,H02
T3171,H03
T3172,H04
T3173,H05
T3174,H06
T3175,H07
T3176,H08
T3177,H09
T3178,H10
T3179,H11
T3180,H12
T3181,H13
T3182,H14
T3183,H15
T3184,H16
T3185,H17
T3186,H18
T3187,H19
T3188,H20
T3189,H21
T3190,H22
T3191,H23
T3192,H24
T3193,H01
T3194,H02
T3195,H03
T3196,H04
T3197,H05
T3198,H06
T3199,H07
T3200,H08
T3201,H09
T3202,H10
T3203,H11
T3204,H12
T3205,H13
T3206,H14
T3207,H15
T3208,H16
T3209,H17
T3210,H18
T3211,H19
T3212,H20
T3213,H21
T3214,H22
T3215,H23
T3216,H24
T3217,H01
T3218,H02
T3219,H03
T3220,H04
T3221,H05
T3222,H06
T3223,H07
T3224,H08
T3225,H09
T3226,H10
T3227,H11
T3228,H12
T3229,H13
T3230,H14
T3231,H15
T3232,H16
T3233,H17
T3234,H18
T3235,H19
T3236,H20
T3237,H21
T3238,H22
T3239,H23
T3240,H24
T3241,H01
T3242,H02
T3243,H03
T3244,H04
T3245,H05
T3246,H06
T3247,H07
T3248,H08
T3249,H09
T3250,H10
T3251,H11
T3252,H12
T3253,H13
T3254,H14
T3255,H15
T3256,H16
T3257,H17
T3258,H18
T3259,H19
T3260,H20
T3261,H21
T3262,H22
T3263,H23
T3264,H24
T3265,H01
T3266,H02
T3267,H03
T3268,H04
T3269,H05
T3270,H06
T3271,H07
T3272,H08
T3273,H09
T3274,H10
T3275,H11
T3276,H12
T3277,H13
T3278,H14
T3279,H15
T3280,H16
T3281,H17
T3282,H18
T3283,H19
T3284,H20
T3285,H21
T3286,H22
T3287,H23
T3288,H24
T3289,H01
T3290,H02
T3291,H03
T3292,H04
T3293,H05
T3294,H06
T3295,H07
T3296,H08
T3297,H09
T3298,H10
T3299,H11
T3300,H12
T3301,H13
T3302,H14
T3303,H15
T3304,H16
T3305,H17
T3306,H18
T3307,H19
T3308,H20
T3309,H21
T3310,H22
T3311,H23
T3312,H24
T3313,H01
T3314,H02
T3315,H03
T3316,H04
T3317,H05
T3318,H06
T3319,H07
T3320,H08
T3321,H09
T3322,H10
T3323,H11
T3324,H12
T3325,H13
T3326,H14
T3327,H15
T3328,H16
T3329,H17
T3330,H18
T3331,H19
T3332,H20
T3333,H21
T3334,H22
T3335,H23
T3336,H24
T3337,H01
T3338,H02
T3339,H03
T3340,H04
T3341,H05
T3342,H06
T3343,H07
T3344,H08
T3345,H09
T3346,H10
T3347,H11
T3348,H12
T3349,H13
T3350,H14
T3351,H15
T3352,H16
T3353,H17
T3354,H18
T3355,H19
T3356,H20
T3357,H21
T3358,H22
T3359,H23
T3360,H24
T3361,H01
T3362,H02
T3363,H03
T3364,H04
T3365,H05
T3366,H06
T3367,H07
T3368,H08
T3369,H09
T3370,H10
T3371,H11
T3372,H12
T3373,H13
T3374,H14
T3375,H15
T3376,H16
T3377,H17
T3378,H18
T3379,H19
T3380,H20
T3381,H21
T3382,H22
T3383,H23
T3384,H24
T3385,H01
T3386,H02
T3387,H03
T3388,H04
T3389,H05
T3390,H06
T3391,H07
T3392,H08
T3393,H09
T3394,H10
T3395,H11
T3396,H12
T3397,H13
T3398,H14
T3399,H15
T3400,H16
T3401,H17
T3402,H18
T3403,H19
T3404,H20
T3405,H21
T3406,H22
T3407,H23
T3408,H24
T3409,H01
T3410,H02
T3411,H03
T3412,H04
T3413,H05
T3414,H06
T3415,H07
T3416,H08
T3417,H09
T3418,H10
T3419,H11
T3420,H12
T3421,H13
T3422,H14
T3423,H15
T3424,H16
T3425,H17
T3426,H18
T3427,H19
T3428,H20
T3429,H21
T3430,H22
T3431,H23
T3432,H24
T3433,H01
T3434,H02
T3435,H03
T3436,H04
T3437,H05
T3438,H06
T3439,H07
T3440,H08
T3441,H09
T3442,H10
T3443,H11
T3444,H12
T3445,H13
T3446,H14
T3447,H15
T3448,H16
T3449,H17
T3450,H18
T3451,H19
T3452,H20
T3453,H21
T3454,H22
T3455,H23
T3456,H24
T3457,H01
T3458,H02
T3459,H03
T3460,H04
T3461,H05
T3462,H06
T3463,H07
T3464,H08
T3465,H09
T3466,H10
T3467,H11
T3468,H12
T3469,H13
T3470,H14
T3471,H15
T3472,H16
T3473,H17
T3474,H18
T3475,H19
T3476,H20
T3477,H21
T3478,H22
T3479,H23
T3480,H24
T3481,H01
T3482,H02
T3483,H03
T3484,H04
T3485,H05
T3486,H06
T3487,H07
T3488,H08
T3489,H09
T3490,H10
T3491,H11
T3492,H12
T3493,H13
T3494,H14
T3495,H15
T3496,H16
T3497,H17
T3498,H18
T3499,H19
T3500,H20
T3501,H21
T3502,H22
T3503,H23
T3504,H24
T3505,H01
T3506,H02
T3507,H03
T3508,H04
T3509,H05
T3510,H06
T3511,H07
T3512,H08
T3513,H09
T3514,H10
T3515,H11
T3516,H12
T3517,H13
T3518,H14
T3519,H15
T3520,H16
T3521,H17
T3522,H18
T3523,H19
T3524,H20
T3525,H21
T3526,H22
T3527,H23
T3528,H24
T3529,H01
T3530,H02
T3531,H03
T3532,H04
T3533,H05
T3534,H06
T3535,H07
T3536,H08
T3537,H09
T3538,H10
T3539,H11
T3540,H12
T3541,H13
T3542,H14
T3543,H15
T3544,H16
T3545,H17
T3546,H18
T3547,H19
T3548,H20
T3549,H21
T3550,H22
T3551,H23
T3552,H24
T3553,H01
T3554,H02
T3555,H03
T3556,H04
T3557,H05
T3558,H06
T3559,H07
T3560,H08
T3561,H09
T3562,H10
T3563,H11
T3564,H12
T3565,H13
T3566,H14
T3567,H15
T3568,H16
T3569,H17
T3570,H18
T3571,H19
T3572,H20
T3573,H21
T3574,H22
T3575,H23
T3576,H24
T3577,H01
T3578,H02
T3579,H03
T3580,H04
T3581,H05
T3582,H06
T3583,H07
T3584,H08
T3585,H09
T3586,H10
T3587,H11
T3588,H12
T3589,H13
T3590,H14
T3591,H15
T3592,H16
T3593,H17
T3594,H18
T3595,H19
T3596,H20
T3597,H21
T3598,H22
T3599,H23
T3600,H24
T3601,H01
T3602,H02
T3603,H03
T3604,H04
T3605,H05
T3606,H06
T3607,H07
T3608,H08
T3609,H09
T3610,H10
T3611,H11
T3612,H12
T3613,H13
T3614,H14
T3615,H15
T3616,H16
T3617,H17
T3618,H18
T3619,H19
T3620,H20
T3621,H21
T3622,H22
T3623,H23
T3624,H24
T3625,H01
T3626,H02
T3627,H03
T3628,H04
T3629,H05
T3630,H06
T3631,H07
T3632,H08
T3633,H09
T3634,H10
T3635,H11
T3636,H12
T3637,H13
T3638,H14
T3639,H15
T3640,H16
T3641,H17
T3642,H18
T3643,H19
T3644,H20
T3645,H21
T3646,H22
T3647,H23
T3648,H24
T3649,H01
T3650,H02
T3651,H03
T3652,H04
T3653,H05
T3654,H06
T3655,H07
T3656,H08
T3657,H09
T3658,H10
T3659,H11
T3660,H12
T3661,H13
T3662,H14
T3663,H15
T3664,H16
T3665,H17
T3666,H18
T3667,H19
T3668,H20
T3669,H21
T3670,H22
T3671,H23
T3672,H24
T3673,H01
T3674,H02
T3675,H03
T3676,H04
T3677,H05
T3678,H06
T3679,H07
T3680,H08
T3681,H09
T3682,H10
T3683,H11
T3684,H12
T3685,H13
T3686,H14
T3687,H15
T3688,H16
T3689,H17
T3690,H18
T3691,H19
T3692,H20
T3693,H21
T3694,H22
T3695,H23
T3696,H24
T3697,H01
T3698,H02
T3699,H03
T3700,H04
T3701,H05
T3702,H06
T3703,H07
T3704,H08
T3705,H09
T3706,H10
T3707,H11
T3708,H12
T3709,H13
T3710,H14
T3711,H15
T3712,H16
T3713,H17
T3714,H18
T3715,H19
T3716,H20
T3717,H21
T3718,H22
T3719,H23
T3720,H24
T3721,H01
T3722,H02
T3723,H03
T3724,H04
T3725,H05
T3726,H06
T3727,H07
T3728,H08
T3729,H09
T3730,H10
T3731,H11
T3732,H12
T3733,H13
T3734,H14
T3735,H15
T3736,H16
T3737,H17
T3738,H18
T3739,H19
T3740,H20
T3741,H21
T3742,H22
T3743,H23
T3744,H24
T3745,H01
T3746,H02
T3747,H03
T3748,H04
T3749,H05
T3750,H06
T3751,H07
T3752,H08
T3753,H09
T3754,H10
T3755,H11
T3756,H12
T3757,H13
T3758,H14
T3759,H15
T3760,H16
T3761,H17
T3762,H18
T3763,H19
T3764,H20
T3765,H21
T3766,H22
T3767,H23
T3768,H24
T3769,H01
T3770,H02
T3771,H03
T3772,H04
T3773,H05
T3774,H06
T3775,H07
T3776,H08
T3777,H09
T3778,H10
T3779,H11
T3780,H12
T3781,H13
T3782,H14
T3783,H15
T3784,H16
T3785,H17
T3786,H18
T3787,H19
T3788,H20
T3789,H21
T3790,H22
T3791,H23
T3792,H24
T3793,H01
T3794,H02
T3795,H03
T3796,H04
T3797,H05
T3798,H06
T3799,H07
T3800,H08
T3801,H09
T3802,H10
T3803,H11
T3804,H12
T3805,H13
T3806,H14
T3807,H15
T3808,H16
T3809,H17
T3810,H18
T3811,H19
T3812,H20
T3813,H21
T3814,H22
T3815,H23
T3816,H24
T3817,H01
T3818,H02
T3819,H03
T3820,H04
T3821,H05
T3822,H06
T3823,H07
T3824,H08
T3825,H09
T3826,H10
T3827,H11
T3828,H12
T3829,H13
T3830,H14
T3831,H15
T3832,H16
T3833,H17
T3834,H18
T3835,H19
T3836,H20
T3837,H21
T3838,H22
T3839,H23
T3840,H24
T3841,H01
T3842,H02
T3843,H03
T3844,H04
T3845,H05
T3846,H06
T3847,H07
T3848,H08
T3849,H09
T3850,H10
T3851,H11
T3852,H12
T3853,H13
T3854,H14
T3855,H15
T3856,H16
T3857,H17
T3858,H18
T3859,H19
T3860,H20
T3861,H21
T3862,H22
T3863,H23
T3864,H24
T3865,H01
T3866,H02
T3867,H03
T3868,H04
T3869,H05
T3870,H06
T3871,H07
T3872,H08
T3873,H09
T3874,H10
T3875,H11
T3876,H12
T3877,H13
T3878,H14
T3879,H15
T3880,H16
T3881,H17
T3882,H18
T3883,H19
T3884,H20
T3885,H21
T3886,H22
T3887,H23
T3888,H24
T3889,H01
T3890,H02
T3891,H03
T3892,H04
T3893,H05
T3894,H06
T3895,H07
T3896,H08
T3897,H09
T3898,H10
T3899,H11
T3900,H12
T3901,H13
T3902,H14
T3903,H15
T3904,H16
T3905,H17
T3906,H18
T3907,H19
T3908,H20
T3909,H21
T3910,H22
T3911,H23
T3912,H24
T3913,H01
T3914,H02
T3915,H03
T3916,H04
T3917,H05
T3918,H06
T3919,H07
T3920,H08
T3921,H09
T3922,H10
T3923,H11
T3924,H12
T3925,H13
T3926,H14
T3927,H15
T3928,H16
T3929,H17
T3930,H18
T3931,H19
T3932,H20
T3933,H21
T3934,H22
T3935,H23
T3936,H24
T3937,H01
T3938,H02
T3939,H03
T3940,H04
T3941,H05
T3942,H06
T3943,H07
T3944,H08
T3945,H09
T3946,H10
T3947,H11
T3948,H12
T3949,H13
T3950,H14
T3951,H15
T3952,H16
T3953,H17
T3954,H18
T3955,H19
T3956,H20
T3957,H21
T3958,H22
T3959,H23
T3960,H24
T3961,H01
T3962,H02
T3963,H03
T3964,H04
T3965,H05
T3966,H06
T3967,H07
T3968,H08
T3969,H09
T3970,H10
T3971,H11
T3972,H12
T3973,H13
T3974,H14
T3975,H15
T3976,H16
T3977,H17
T3978,H18
T3979,H19
T3980,H20
T3981,H21
T3982,H22
T3983,H23
T3984,H24
T3985,H01
T3986,H02
T3987,H03
T3988,H04
T3989,H05
T3990,H06
T3991,H07
T3992,H08
T3993,H09
T3994,H10
T3995,H11
T3996,H12
T3997,H13
T3998,H14
T3999,H15
T4000,H16
T4001,H17
T4002,H18
T4003,H19
T4004,H20
T4005,H21
T4006,H22
T4007,H23
T4008,H24
T4009,H01
T4010,H02
T4011,H03
T4012,H04
T4013,H05
T4014,H06
T4015,H07
T4016,H08
T4017,H09
T4018,H10
T4019,H11
T4020,H12
T4021,H13
T4022,H14
T4023,H15
T4024,H16
T4025,H17
T4026,H18
T4027,H19
T4028,H20
T4029,H21
T4030,H22
T4031,H23
T4032,H24
T4033,H01
T4034,H02
T4035,H03
T4036,H04
T4037,H05
T4038,H06
T4039,H07
T4040,H08
T4041,H09
T4042,H10
T4043,H11
T4044,H12
T4045,H13
T4046,H14
T4047,H15
T4048,H16
T4049,H17
T4050,H18
T4051,H19
T4052,H20
T4053,H21
T4054,H22
T4055,H23
T4056,H24
T4057,H01
T4058,H02
T4059,H03
T4060,H04
T4061,H05
T4062,H06
T4063,H07
T4064,H08
T4065,H09
T4066,H10
T4067,H11
T4068,H12
T4069,H13
T4070,H14
T4071,H15
T4072,H16
T4073,H17
T4074,H18
T4075,H19
T4076,H20
T4077,H21
T4078,H22
T4079,H23
T4080,H24
T4081,H01
T4082,H02
T4083,H03
T4084,H04
T4085,H05
T4086,H06
T4087,H07
T4088,H08
T4089,H09
T4090,H10
T4091,H11
T4092,H12
T4093,H13
T4094,H14
T4095,H15
T4096,H16
T4097,H17
T4098,H18
T4099,H19
T4100,H20
T4101,H21
T4102,H22
T4103,H23
T4104,H24
T4105,H01
T4106,H02
T4107,H03
T4108,H04
T4109,H05
T4110,H06
T4111,H07
T4112,H08
T4113,H09
T4114,H10
T4115,H11
T4116,H12
T4117,H13
T4118,H14
T4119,H15
T4120,H16
T4121,H17
T4122,H18
T4123,H19
T4124,H20
T4125,H21
T4126,H22
T4127,H23
T4128,H24
T4129,H01
T4130,H02
T4131,H03
T4132,H04
T4133,H05
T4134,H06
T4135,H07
T4136,H08
T4137,H09
T4138,H10
T4139,H11
T4140,H12
T4141,H13
T4142,H14
T4143,H15
T4144,H16
T4145,H17
T4146,H18
T4147,H19
T4148,H20
T4149,H21
T4150,H22
T4151,H23
T4152,H24
T4153,H01
T4154,H02
T4155,H03
T4156,H04
T4157,H05
T4158,H06
T4159,H07
T4160,H08
T4161,H09
T4162,H10
T4163,H11
T4164,H12
T4165,H13
T4166,H14
T4167,H15
T4168,H16
T4169,H17
T4170,H18
T4171,H19
T4172,H20
T4173,H21
T4174,H22
T4175,H23
T4176,H24
T4177,H01
T4178,H02
T4179,H03
T4180,H04
T4181,H05
T4182,H06
T4183,H07
T4184,H08
T4185,H09
T4186,H10
T4187,H11
T4188,H12
T4189,H13
T4190,H14
T4191,H15
T4192,H16
T4193,H17
T4194,H18
T4195,H19
T4196,H20
T4197,H21
T4198,H22
T4199,H23
T4200,H24
T4201,H01
T4202,H02
T4203,H03
T4204,H04
T4205,H05
T4206,H06
T4207,H07
T4208,H08
T4209,H09
T4210,H10
T4211,H11
T4212,H12
T4213,H13
T4214,H14
T4215,H15
T4216,H16
T4217,H17
T4218,H18
T4219,H19
T4220,H20
T4221,H21
T4222,H22
T4223,H23
T4224,H24
T4225,H01
T4226,H02
T4227,H03
T4228,H04
T4229,H05
T4230,H06
T4231,H07
T4232,H08
T4233,H09
T4234,H10
T4235,H11
T4236,H12
T4237,H13
T4238,H14
T4239,H15
T4240,H16
T4241,H17
T4242,H18
T4243,H19
T4244,H20
T4245,H21
T4246,H22
T4247,H23
T4248,H24
T4249,H01
T4250,H02
T4251,H03
T4252,H04
T4253,H05
T4254,H06
T4255,H07
T4256,H08
T4257,H09
T4258,H10
T4259,H11
T4260,H12
T4261,H13
T4262,H14
T4263,H15
T4264,H16
T4265,H17
T4266,H18
T4267,H19
T4268,H20
T4269,H21
T4270,H22
T4271,H23
T4272,H24
T4273,H01
T4274,H02
T4275,H03
T4276,H04
T4277,H05
T4278,H06
T4279,H07
T4280,H08
T4281,H09
T4282,H10
T4283,H11
T4284,H12
T4285,H13
T4286,H14
T4287,H15
T4288,H16
T4289,H17
T4290,H18
T4291,H19
T4292,H20
T4293,H21
T4294,H22
T4295,H23
T4296,H24
T4297,H01
T4298,H02
T4299,H03
T4300,H04
T4301,H05
T4302,H06
T4303,H07
T4304,H08
T4305,H09
T4306,H10
T4307,H11
T4308,H12
T4309,H13
T4310,H14
T4311,H15
T4312,H16
T4313,H17
T4314,H18
T4315,H19
T4316,H20
T4317,H21
T4318,H22
T4319,H23
T4320,H24
T4321,H01
T4322,H02
T4323,H03
T4324,H04
T4325,H05
T4326,H06
T4327,H07
T4328,H08
T4329,H09
T4330,H10
T4331,H11
T4332,H12
T4333,H13
T4334,H14
T4335,H15
T4336,H16
T4337,H17
T4338,H18
T4339,H19
T4340,H20
T4341,H21
T4342,H22
T4343,H23
T4344,H24
T4345,H01
T4346,H02
T4347,H03
T4348,H04
T4349,H05
T4350,H06
T4351,H07
T4352,H08
T4353,H09
T4354,H10
T4355,H11
T4356,H12
T4357,H13
T4358,H14
T4359,H15
T4360,H16
T4361,H17
T4362,H18
T4363,H19
T4364,H20
T4365,H21
T4366,H22
T4367,H23
T4368,H24
T4369,H01
T4370,H02
T4371,H03
T4372,H04
T4373,H05
T4374,H06
T4375,H07
T4376,H08
T4377,H09
T4378,H10
T4379,H11
T4380,H12
T4381,H13
T4382,H14
T4383,H15
T4384,H16
T4385,H17
T4386,H18
T4387,H19
T4388,H20
T4389,H21
T4390,H22
T4391,H23
T4392,H24
T4393,H01
T4394,H02
T4395,H03
T4396,H04
T4397,H05
T4398,H06
T4399,H07
T4400,H08
T4401,H09
T4402,H10
T4403,H11
T4404,H12
T4405,H13
T4406,H14
T4407,H15
T4408,H16
T4409,H17
T4410,H18
T4411,H19
T4412,H20
T4413,H21
T4414,H22
T4415,H23
T4416,H24
T4417,H01
T4418,H02
T4419,H03
T4420,H04
T4421,H05
T4422,H06
T4423,H07
T4424,H08
T4425,H09
T4426,H10
T4427,H11
T4428,H12
T4429,H13
T4430,H14
T4431,H15
T4432,H16
T4433,H17
T4434,H18
T4435,H19
T4436,H20
T4437,H21
T4438,H22
T4439,H23
T4440,H24
T4441,H01
T4442,H02
T4443,H03
T4444,H04
T4445,H05
T4446,H06
T4447,H07
T4448,H08
T4449,H09
T4450,H10
T4451,H11
T4452,H12
T4453,H13
T4454,H14
T4455,H15
T4456,H16
T4457,H17
T4458,H18
T4459,H19
T4460,H20
T4461,H21
T4462,H22
T4463,H23
T4464,H24
T4465,H01
T4466,H02
T4467,H03
T4468,H04
T4469,H05
T4470,H06
T4471,H07
T4472,H08
T4473,H09
T4474,H10
T4475,H11
T4476,H12
T4477,H13
T4478,H14
T4479,H15
T4480,H16
T4481,H17
T4482,H18
T4483,H19
T4484,H20
T4485,H21
T4486,H22
T4487,H23
T4488,H24
T4489,H01
T4490,H02
T4491,H03
T4492,H04
T4493,H05
T4494,H06
T4495,H07
T4496,H08
T4497,H09
T4498,H10
T4499,H11
T4500,H12
T4501,H13
T4502,H14
T4503,H15
T4504,H16
T4505,H17
T4506,H18
T4507,H19
T4508,H20
T4509,H21
T4510,H22
T4511,H23
T4512,H24
T4513,H01
T4514,H02
T4515,H03
T4516,H04
T4517,H05
T4518,H06
T4519,H07
T4520,H08
T4521,H09
T4522,H10
T4523,H11
T4524,H12
T4525,H13
T4526,H14
T4527,H15
T4528,H16
T4529,H17
T4530,H18
T4531,H19
T4532,H20
T4533,H21
T4534,H22
T4535,H23
T4536,H24
T4537,H01
T4538,H02
T4539,H03
T4540,H04
T4541,H05
T4542,H06
T4543,H07
T4544,H08
T4545,H09
T4546,H10
T4547,H11
T4548,H12
T4549,H13
T4550,H14
T4551,H15
T4552,H16
T4553,H17
T4554,H18
T4555,H19
T4556,H20
T4557,H21
T4558,H22
T4559,H23
T4560,H24
T4561,H01
T4562,H02
T4563,H03
T4564,H04
T4565,H05
T4566,H06
T4567,H07
T4568,H08
T4569,H09
T4570,H10
T4571,H11
T4572,H12
T4573,H13
T4574,H14
T4575,H15
T4576,H16
T4577,H17
T4578,H18
T4579,H19
T4580,H20
T4581,H21
T4582,H22
T4583,H23
T4584,H24
T4585,H01
T4586,H02
T4587,H03
T4588,H04
T4589,H05
T4590,H06
T4591,H07
T4592,H08
T4593,H09
T4594,H10
T4595,H11
T4596,H12
T4597,H13
T4598,H14
T4599,H15
T4600,H16
T4601,H17
T4602,H18
T4603,H19
T4604,H20
T4605,H21
T4606,H22
T4607,H23
T4608,H24
T4609,H01
T4610,H02
T4611,H03
T4612,H04
T4613,H05
T4614,H06
T4615,H07
T4616,H08
T4617,H09
T4618,H10
T4619,H11
T4620,H12
T4621,H13
T4622,H14
T4623,H15
T4624,H16
T4625,H17
T4626,H18
T4627,H19
T4628,H20
T4629,H21
T4630,H22
T4631,H23
T4632,H24
T4633,H01
T4634,H02
T4635,H03
T4636,H04
T4637,H05
T4638,H06
T4639,H07
T4640,H08
T4641,H09
T4642,H10
T4643,H11
T4644,H12
T4645,H13
T4646,H14
T4647,H15
T4648,H16
T4649,H17
T4650,H18
T4651,H19
T4652,H20
T4653,H21
T4654,H22
T4655,H23
T4656,H24
T4657,H01
T4658,H02
T4659,H03
T4660,H04
T4661,H05
T4662,H06
T4663,H07
T4664,H08
T4665,H09
T4666,H10
T4667,H11
T4668,H12
T4669,H13
T4670,H14
T4671,H15
T4672,H16
T4673,H17
T4674,H18
T4675,H19
T4676,H20
T4677,H21
T4678,H22
T4679,H23
T4680,H24
T4681,H01
T4682,H02
T4683,H03
T4684,H04
T4685,H05
T4686,H06
T4687,H07
T4688,H08
T4689,H09
T4690,H10
T4691,H11
T4692,H12
T4693,H13
T4694,H14
T4695,H15
T4696,H16
T4697,H17
T4698,H18
T4699,H19
T4700,H20
T4701,H21
T4702,H22
T4703,H23
T4704,H24
T4705,H01
T4706,H02
T4707,H03
T4708,H04
T4709,H05
T4710,H06
T4711,H07
T4712,H08
T4713,H09
T4714,H10
T4715,H11
T4716,H12
T4717,H13
T4718,H14
T4719,H15
T4720,H16
T4721,H17
T4722,H18
T4723,H19
T4724,H20
T4725,H21
T4726,H22
T4727,H23
T4728,H24
T4729,H01
T4730,H02
T4731,H03
T4732,H04
T4733,H05
T4734,H06
T4735,H07
T4736,H08
T4737,H09
T4738,H10
T4739,H11
T4740,H12
T4741,H13
T4742,H14
T4743,H15
T4744,H16
T4745,H17
T4746,H18
T4747,H19
T4748,H20
T4749,H21
T4750,H22
T4751,H23
T4752,H24
T4753,H01
T4754,H02
T4755,H03
T4756,H04
T4757,H05
T4758,H06
T4759,H07
T4760,H08
T4761,H09
T4762,H10
T4763,H11
T4764,H12
T4765,H13
T4766,H14
T4767,H15
T4768,H16
T4769,H17
T4770,H18
T4771,H19
T4772,H20
T4773,H21
T4774,H22
T4775,H23
T4776,H24
T4777,H01
T4778,H02
T4779,H03
T4780,H04
T4781,H05
T4782,H06
T4783,H07
T4784,H08
T4785,H09
T4786,H10
T4787,H11
T4788,H12
T4789,H13
T4790,H14
T4791,H15
T4792,H16
T4793,H17
T4794,H18
T4795,H19
T4796,H20
T4797,H21
T4798,H22
T4799,H23
T4800,H24
T4801,H01
T4802,H02
T4803,H03
T4804,H04
T4805,H05
T4806,H06
T4807,H07
T4808,H08
T4809,H09
T4810,H10
T4811,H11
T4812,H12
T4813,H13
T4814,H14
T4815,H15
T4816,H16
T4817,H17
T4818,H18
T4819,H19
T4820,H20
T4821,H21
T4822,H22
T4823,H23
T4824,H24
T4825,H01
T4826,H02
T4827,H03
T4828,H04
T4829,H05
T4830,H06
T4831,H07
T4832,H08
T4833,H09
T4834,H10
T4835,H11
T4836,H12
T4837,H13
T4838,H14
T4839,H15
T4840,H16
T4841,H17
T4842,H18
T4843,H19
T4844,H20
T4845,H21
T4846,H22
T4847,H23
T4848,H24
T4849,H01
T4850,H02
T4851,H03
T4852,H04
T4853,H05
T4854,H06
T4855,H07
T4856,H08
T4857,H09
T4858,H10
T4859,H11
T4860,H12
T4861,H13
T4862,H14
T4863,H15
T4864,H16
T4865,H17
T4866,H18
T4867,H19
T4868,H20
T4869,H21
T4870,H22
T4871,H23
T4872,H24
T4873,H01
T4874,H02
T4875,H03
T4876,H04
T4877,H05
T4878,H06
T4879,H07
T4880,H08
T4881,H09
T4882,H10
T4883,H11
T4884,H12
T4885,H13
T4886,H14
T4887,H15
T4888,H16
T4889,H17
T4890,H18
T4891,H19
T4892,H20
T4893,H21
T4894,H22
T4895,H23
T4896,H24
T4897,H01
T4898,H02
T4899,H03
T4900,H04
T4901,H05
T4902,H06
T4903,H07
T4904,H08
T4905,H09
T4906,H10
T4907,H11
T4908,H12
T4909,H13
T4910,H14
T4911,H15
T4912,H16
T4913,H17
T4914,H18
T4915,H19
T4916,H20
T4917,H21
T4918,H22
T4919,H23
T4920,H24
T4921,H01
T4922,H02
T4923,H03
T4924,H04
T4925,H05
T4926,H06
T4927,H07
T4928,H08
T4929,H09
T4930,H10
T4931,H11
T4932,H12
T4933,H13
T4934,H14
T4935,H15
T4936,H16
T4937,H17
T4938,H18
T4939,H19
T4940,H20
T4941,H21
T4942,H22
T4943,H23
T4944,H24
T4945,H01
T4946,H02
T4947,H03
T4948,H04
T4949,H05
T4950,H06
T4951,H07
T4952,H08
T4953,H09
T4954,H10
T4955,H11
T4956,H12
T4957,H13
T4958,H14
T4959,H15
T4960,H16
T4961,H17
T4962,H18
T4963,H19
T4964,H20
T4965,H21
T4966,H22
T4967,H23
T4968,H24
T4969,H01
T4970,H02
T4971,H03
T4972,H04
T4973,H05
T4974,H06
T4975,H07
T4976,H08
T4977,H09
T4978,H10
T4979,H11
T4980,H12
T4981,H13
T4982,H14
T4983,H15
T4984,H16
T4985,H17
T4986,H18
T4987,H19
T4988,H20
T4989,H21
T4990,H22
T4991,H23
T4992,H24
T4993,H01
T4994,H02
T4995,H03
T4996,H04
T4997,H05
T4998,H06
T4999,H07
T5000,H08
T5001,H09
T5002,H10
T5003,H11
T5004,H12
T5005,H13
T5006,H14
T5007,H15
T5008,H16
T5009,H17
T5010,H18
T5011,H19
T5012,H20
T5013,H21
T5014,H22
T5015,H23
T5016,H24
T5017,H01
T5018,H02
T5019,H03
T5020,H04
T5021,H05
T5022,H06
T5023,H07
T5024,H08
T5025,H09
T5026,H10
T5027,H11
T5028,H12
T5029,H13
T5030,H14
T5031,H15
T5032,H16
T5033,H17
T5034,H18
T5035,H19
T5036,H20
T5037,H21
T5038,H22
T5039,H23
T5040,H24
T5041,H01
T5042,H02
T5043,H03
T5044,H04
T5045,H05
T5046,H06
T5047,H07
T5048,H08
T5049,H09
T5050,H10
T5051,H11
T5052,H12
T5053,H13
T5054,H14
T5055,H15
T5056,H16
T5057,H17
T5058,H18
T5059,H19
T5060,H20
T5061,H21
T5062,H22
T5063,H23
T5064,H24
T5065,H01
T5066,H02
T5067,H03
T5068,H04
T5069,H05
T5070,H06
T5071,H07
T5072,H08
T5073,H09
T5074,H10
T5075,H11
T5076,H12
T5077,H13
T5078,H14
T5079,H15
T5080,H16
T5081,H17
T5082,H18
T5083,H19
T5084,H20
T5085,H21
T5086,H22
T5087,H23
T5088,H24
T5089,H01
T5090,H02
T5091,H03
T5092,H04
T5093,H05
T5094,H06
T5095,H07
T5096,H08
T5097,H09
T5098,H10
T5099,H11
T5100,H12
T5101,H13
T5102,H14
T5103,H15
T5104,H16
T5105,H17
T5106,H18
T5107,H19
T5108,H20
T5109,H21
T5110,H22
T5111,H23
T5112,H24
T5113,H01
T5114,H02
T5115,H03
T5116,H04
T5117,H05
T5118,H06
T5119,H07
T5120,H08
T5121,H09
T5122,H10
T5123,H11
T5124,H12
T5125,H13
T5126,H14
T5127,H15
T5128,H16
T5129,H17
T5130,H18
T5131,H19
T5132,H20
T5133,H21
T5134,H22
T5135,H23
T5136,H24
T5137,H01
T5138,H02
T5139,H03
T5140,H04
T5141,H05
T5142,H06
T5143,H07
T5144,H08
T5145,H09
T5146,H10
T5147,H11
T5148,H12
T5149,H13
T5150,H14
T5151,H15
T5152,H16
T5153,H17
T5154,H18
T5155,H19
T5156,H20
T5157,H21
T5158,H22
T5159,H23
T5160,H24
T5161,H01
T5162,H02
T5163,H03
T5164,H04
T5165,H05
T5166,H06
T5167,H07
T5168,H08
T5169,H09
T5170,H10
T5171,H11
T5172,H12
T5173,H13
T5174,H14
T5175,H15
T5176,H16
T5177,H17
T5178,H18
T5179,H19
T5180,H20
T5181,H21
T5182,H22
T5183,H23
T5184,H24
T5185,H01
T5186,H02
T5187,H03
T5188,H04
T5189,H05
T5190,H06
T5191,H07
T5192,H08
T5193,H09
T5194,H10
T5195,H11
T5196,H12
T5197,H13
T5198,H14
T5199,H15
T5200,H16
T5201,H17
T5202,H18
T5203,H19
T5204,H20
T5205,H21
T5206,H22
T5207,H23
T5208,H24
T5209,H01
T5210,H02
T5211,H03
T5212,H04
T5213,H05
T5214,H06
T5215,H07
T5216,H08
T5217,H09
T5218,H10
T5219,H11
T5220,H12
T5221,H13
T5222,H14
T5223,H15
T5224,H16
T5225,H17
T5226,H18
T5227,H19
T5228,H20
T5229,H21
T5230,H22
T5231,H23
T5232,H24
T5233,H01
T5234,H02
T5235,H03
T5236,H04
T5237,H05
T5238,H06
T5239,H07
T5240,H08
T5241,H09
T5242,H10
T5243,H11
T5244,H12
T5245,H13
T5246,H14
T5247,H15
T5248,H16
T5249,H17
T5250,H18
T5251,H19
T5252,H20
T5253,H21
T5254,H22
T5255,H23
T5256,H24
T5257,H01
T5258,H02
T5259,H03
T5260,H04
T5261,H05
T5262,H06
T5263,H07
T5264,H08
T5265,H09
T5266,H10
T5267,H11
T5268,H12
T5269,H13
T5270,H14
T5271,H15
T5272,H16
T5273,H17
T5274,H18
T5275,H19
T5276,H20
T5277,H21
T5278,H22
T5279,H23
T5280,H24
T5281,H01
T5282,H02
T5283,H03
T5284,H04
T5285,H05
T5286,H06
T5287,H07
T5288,H08
T5289,H09
T5290,H10
T5291,H11
T5292,H12
T5293,H13
T5294,H14
T5295,H15
T5296,H16
T5297,H17
T5298,H18
T5299,H19
T5300,H20
T5301,H21
T5302,H22
T5303,H23
T5304,H24
T5305,H01
T5306,H02
T5307,H03
T5308,H04
T5309,H05
T5310,H06
T5311,H07
T5312,H08
T5313,H09
T5314,H10
T5315,H11
T5316,H12
T5317,H13
T5318,H14
T5319,H15
T5320,H16
T5321,H17
T5322,H18
T5323,H19
T5324,H20
T5325,H21
T5326,H22
T5327,H23
T5328,H24
T5329,H01
T5330,H02
T5331,H03
T5332,H04
T5333,H05
T5334,H06
T5335,H07
T5336,H08
T5337,H09
T5338,H10
T5339,H11
T5340,H12
T5341,H13
T5342,H14
T5343,H15
T5344,H16
T5345,H17
T5346,H18
T5347,H19
T5348,H20
T5349,H21
T5350,H22
T5351,H23
T5352,H24
T5353,H01
T5354,H02
T5355,H03
T5356,H04
T5357,H05
T5358,H06
T5359,H07
T5360,H08
T5361,H09
T5362,H10
T5363,H11
T5364,H12
T5365,H13
T5366,H14
T5367,H15
T5368,H16
T5369,H17
T5370,H18
T5371,H19
T5372,H20
T5373,H21
T5374,H22
T5375,H23
T5376,H24
T5377,H01
T5378,H02
T5379,H03
T5380,H04
T5381,H05
T5382,H06
T5383,H07
T5384,H08
T5385,H09
T5386,H10
T5387,H11
T5388,H12
T5389,H13
T5390,H14
T5391,H15
T5392,H16
T5393,H17
T5394,H18
T5395,H19
T5396,H20
T5397,H21
T5398,H22
T5399,H23
T5400,H24
T5401,H01
T5402,H02
T5403,H03
T5404,H04
T5405,H05
T5406,H06
T5407,H07
T5408,H08
T5409,H09
T5410,H10
T5411,H11
T5412,H12
T5413,H13
T5414,H14
T5415,H15
T5416,H16
T5417,H17
T5418,H18
T5419,H19
T5420,H20
T5421,H21
T5422,H22
T5423,H23
T5424,H24
T5425,H01
T5426,H02
T5427,H03
T5428,H04
T5429,H05
T5430,H06
T5431,H07
T5432,H08
T5433,H09
T5434,H10
T5435,H11
T5436,H12
T5437,H13
T5438,H14
T5439,H15
T5440,H16
T5441,H17
T5442,H18
T5443,H19
T5444,H20
T5445,H21
T5446,H22
T5447,H23
T5448,H24
T5449,H01
T5450,H02
T5451,H03
T5452,H04
T5453,H05
T5454,H06
T5455,H07
T5456,H08
T5457,H09
T5458,H10
T5459,H11
T5460,H12
T5461,H13
T5462,H14
T5463,H15
T5464,H16
T5465,H17
T5466,H18
T5467,H19
T5468,H20
T5469,H21
T5470,H22
T5471,H23
T5472,H24
T5473,H01
T5474,H02
T5475,H03
T5476,H04
T5477,H05
T5478,H06
T5479,H07
T5480,H08
T5481,H09
T5482,H10
T5483,H11
T5484,H12
T5485,H13
T5486,H14
T5487,H15
T5488,H16
T5489,H17
T5490,H18
T5491,H19
T5492,H20
T5493,H21
T5494,H22
T5495,H23
T5496,H24
T5497,H01
T5498,H02
T5499,H03
T5500,H04
T5501,H05
T5502,H06
T5503,H07
T5504,H08
T5505,H09
T5506,H10
T5507,H11
T5508,H12
T5509,H13
T5510,H14
T5511,H15
T5512,H16
T5513,H17
T5514,H18
T5515,H19
T5516,H20
T5517,H21
T5518,H22
T5519,H23
T5520,H24
T5521,H01
T5522,H02
T5523,H03
T5524,H04
T5525,H05
T5526,H06
T5527,H07
T5528,H08
T5529,H09
T5530,H10
T5531,H11
T5532,H12
T5533,H13
T5534,H14
T5535,H15
T5536,H16
T5537,H17
T5538,H18
T5539,H19
T5540,H20
T5541,H21
T5542,H22
T5543,H23
T5544,H24
T5545,H01
T5546,H02
T5547,H03
T5548,H04
T5549,H05
T5550,H06
T5551,H07
T5552,H08
T5553,H09
T5554,H10
T5555,H11
T5556,H12
T5557,H13
T5558,H14
T5559,H15
T5560,H16
T5561,H17
T5562,H18
T5563,H19
T5564,H20
T5565,H21
T5566,H22
T5567,H23
T5568,H24
T5569,H01
T5570,H02
T5571,H03
T5572,H04
T5573,H05
T5574,H06
T5575,H07
T5576,H08
T5577,H09
T5578,H10
T5579,H11
T5580,H12
T5581,H13
T5582,H14
T5583,H15
T5584,H16
T5585,H17
T5586,H18
T5587,H19
T5588,H20
T5589,H21
T5590,H22
T5591,H23
T5592,H24
T5593,H01
T5594,H02
T5595,H03
T5596,H04
T5597,H05
T5598,H06
T5599,H07
T5600,H08
T5601,H09
T5602,H10
T5603,H11
T5604,H12
T5605,H13
T5606,H14
T5607,H15
T5608,H16
T5609,H17
T5610,H18
T5611,H19
T5612,H20
T5613,H21
T5614,H22
T5615,H23
T5616,H24
T5617,H01
T5618,H02
T5619,H03
T5620,H04
T5621,H05
T5622,H06
T5623,H07
T5624,H08
T5625,H09
T5626,H10
T5627,H11
T5628,H12
T5629,H13
T5630,H14
T5631,H15
T5632,H16
T5633,H17
T5634,H18
T5635,H19
T5636,H20
T5637,H21
T5638,H22
T5639,H23
T5640,H24
T5641,H01
T5642,H02
T5643,H03
T5644,H04
T5645,H05
T5646,H06
T5647,H07
T5648,H08
T5649,H09
T5650,H10
T5651,H11
T5652,H12
T5653,H13
T5654,H14
T5655,H15
T5656,H16
T5657,H17
T5658,H18
T5659,H19
T5660,H20
T5661,H21
T5662,H22
T5663,H23
T5664,H24
T5665,H01
T5666,H02
T5667,H03
T5668,H04
T5669,H05
T5670,H06
T5671,H07
T5672,H08
T5673,H09
T5674,H10
T5675,H11
T5676,H12
T5677,H13
T5678,H14
T5679,H15
T5680,H16
T5681,H17
T5682,H18
T5683,H19
T5684,H20
T5685,H21
T5686,H22
T5687,H23
T5688,H24
T5689,H01
T5690,H02
T5691,H03
T5692,H04
T5693,H05
T5694,H06
T5695,H07
T5696,H08
T5697,H09
T5698,H10
T5699,H11
T5700,H12
T5701,H13
T5702,H14
T5703,H15
T5704,H16
T5705,H17
T5706,H18
T5707,H19
T5708,H20
T5709,H21
T5710,H22
T5711,H23
T5712,H24
T5713,H01
T5714,H02
T5715,H03
T5716,H04
T5717,H05
T5718,H06
T5719,H07
T5720,H08
T5721,H09
T5722,H10
T5723,H11
T5724,H12
T5725,H13
T5726,H14
T5727,H15
T5728,H16
T5729,H17
T5730,H18
T5731,H19
T5732,H20
T5733,H21
T5734,H22
T5735,H23
T5736,H24
T5737,H01
T5738,H02
T5739,H03
T5740,H04
T5741,H05
T5742,H06
T5743,H07
T5744,H08
T5745,H09
T5746,H10
T5747,H11
T5748,H12
T5749,H13
T5750,H14
T5751,H15
T5752,H16
T5753,H17
T5754,H18
T5755,H19
T5756,H20
T5757,H21
T5758,H22
T5759,H23
T5760,H24
T5761,H01
T5762,H02
T5763,H03
T5764,H04
T5765,H05
T5766,H06
T5767,H07
T5768,H08
T5769,H09
T5770,H10
T5771,H11
T5772,H12
T5773,H13
T5774,H14
T5775,H15
T5776,H16
T5777,H17
T5778,H18
T5779,H19
T5780,H20
T5781,H21
T5782,H22
T5783,H23
T5784,H24
T5785,H01
T5786,H02
T5787,H03
T5788,H04
T5789,H05
T5790,H06
T5791,H07
T5792,H08
T5793,H09
T5794,H10
T5795,H11
T5796,H12
T5797,H13
T5798,H14
T5799,H15
T5800,H16
T5801,H17
T5802,H18
T5803,H19
T5804,H20
T5805,H21
T5806,H22
T5807,H23
T5808,H24
T5809,H01
T5810,H02
T5811,H03
T5812,H04
T5813,H05
T5814,H06
T5815,H07
T5816,H08
T5817,H09
T5818,H10
T5819,H11
T5820,H12
T5821,H13
T5822,H14
T5823,H15
T5824,H16
T5825,H17
T5826,H18
T5827,H19
T5828,H20
T5829,H21
T5830,H22
T5831,H23
T5832,H24
T5833,H01
T5834,H02
T5835,H03
T5836,H04
T5837,H05
T5838,H06
T5839,H07
T5840,H08
T5841,H09
T5842,H10
T5843,H11
T5844,H12
T5845,H13
T5846,H14
T5847,H15
T5848,H16
T5849,H17
T5850,H18
T5851,H19
T5852,H20
T5853,H21
T5854,H22
T5855,H23
T5856,H24
T5857,H01
T5858,H02
T5859,H03
T5860,H04
T5861,H05
T5862,H06
T5863,H07
T5864,H08
T5865,H09
T5866,H10
T5867,H11
T5868,H12
T5869,H13
T5870,H14
T5871,H15
T5872,H16
T5873,H17
T5874,H18
T5875,H19
T5876,H20
T5877,H21
T5878,H22
T5879,H23
T5880,H24
T5881,H01
T5882,H02
T5883,H03
T5884,H04
T5885,H05
T5886,H06
T5887,H07
T5888,H08
T5889,H09
T5890,H10
T5891,H11
T5892,H12
T5893,H13
T5894,H14
T5895,H15
T5896,H16
T5897,H17
T5898,H18
T5899,H19
T5900,H20
T5901,H21
T5902,H22
T5903,H23
T5904,H24
T5905,H01
T5906,H02
T5907,H03
T5908,H04
T5909,H05
T5910,H06
T5911,H07
T5912,H08
T5913,H09
T5914,H10
T5915,H11
T5916,H12
T5917,H13
T5918,H14
T5919,H15
T5920,H16
T5921,H17
T5922,H18
T5923,H19
T5924,H20
T5925,H21
T5926,H22
T5927,H23
T5928,H24
T5929,H01
T5930,H02
T5931,H03
T5932,H04
T5933,H05
T5934,H06
T5935,H07
T5936,H08
T5937,H09
T5938,H10
T5939,H11
T5940,H12
T5941,H13
T5942,H14
T5943,H15
T5944,H16
T5945,H17
T5946,H18
T5947,H19
T5948,H20
T5949,H21
T5950,H22
T5951,H23
T5952,H24
T5953,H01
T5954,H02
T5955,H03
T5956,H04
T5957,H05
T5958,H06
T5959,H07
T5960,H08
T5961,H09
T5962,H10
T5963,H11
T5964,H12
T5965,H13
T5966,H14
T5967,H15
T5968,H16
T5969,H17
T5970,H18
T5971,H19
T5972,H20
T5973,H21
T5974,H22
T5975,H23
T5976,H24
T5977,H01
T5978,H02
T5979,H03
T5980,H04
T5981,H05
T5982,H06
T5983,H07
T5984,H08
T5985,H09
T5986,H10
T5987,H11
T5988,H12
T5989,H13
T5990,H14
T5991,H15
T5992,H16
T5993,H17
T5994,H18
T5995,H19
T5996,H20
T5997,H21
T5998,H22
T5999,H23
T6000,H24
T6001,H01
T6002,H02
T6003,H03
T6004,H04
T6005,H05
T6006,H06
T6007,H07
T6008,H08
T6009,H09
T6010,H10
T6011,H11
T6012,H12
T6013,H13
T6014,H14
T6015,H15
T6016,H16
T6017,H17
T6018,H18
T6019,H19
T6020,H20
T6021,H21
T6022,H22
T6023,H23
T6024,H24
T6025,H01
T6026,H02
T6027,H03
T6028,H04
T6029,H05
T6030,H06
T6031,H07
T6032,H08
T6033,H09
T6034,H10
T6035,H11
T6036,H12
T6037,H13
T6038,H14
T6039,H15
T6040,H16
T6041,H17
T6042,H18
T6043,H19
T6044,H20
T6045,H21
T6046,H22
T6047,H23
T6048,H24
T6049,H01
T6050,H02
T6051,H03
T6052,H04
T6053,H05
T6054,H06
T6055,H07
T6056,H08
T6057,H09
T6058,H10
T6059,H11
T6060,H12
T6061,H13
T6062,H14
T6063,H15
T6064,H16
T6065,H17
T6066,H18
T6067,H19
T6068,H20
T6069,H21
T6070,H22
T6071,H23
T6072,H24
T6073,H01
T6074,H02
T6075,H03
T6076,H04
T6077,H05
T6078,H06
T6079,H07
T6080,H08
T6081,H09
T6082,H10
T6083,H11
T6084,H12
T6085,H13
T6086,H14
T6087,H15
T6088,H16
T6089,H17
T6090,H18
T6091,H19
T6092,H20
T6093,H21
T6094,H22
T6095,H23
T6096,H24
T6097,H01
T6098,H02
T6099,H03
T6100,H04
T6101,H05
T6102,H06
T6103,H07
T6104,H08
T6105,H09
T6106,H10
T6107,H11
T6108,H12
T6109,H13
T6110,H14
T6111,H15
T6112,H16
T6113,H17
T6114,H18
T6115,H19
T6116,H20
T6117,H21
T6118,H22
T6119,H23
T6120,H24
T6121,H01
T6122,H02
T6123,H03
T6124,H04
T6125,H05
T6126,H06
T6127,H07
T6128,H08
T6129,H09
T6130,H10
T6131,H11
T6132,H12
T6133,H13
T6134,H14
T6135,H15
T6136,H16
T6137,H17
T6138,H18
T6139,H19
T6140,H20
T6141,H21
T6142,H22
T6143,H23
T6144,H24
T6145,H01
T6146,H02
T6147,H03
T6148,H04
T6149,H05
T6150,H06
T6151,H07
T6152,H08
T6153,H09
T6154,H10
T6155,H11
T6156,H12
T6157,H13
T6158,H14
T6159,H15
T6160,H16
T6161,H17
T6162,H18
T6163,H19
T6164,H20
T6165,H21
T6166,H22
T6167,H23
T6168,H24
T6169,H01
T6170,H02
T6171,H03
T6172,H04
T6173,H05
T6174,H06
T6175,H07
T6176,H08
T6177,H09
T6178,H10
T6179,H11
T6180,H12
T6181,H13
T6182,H14
T6183,H15
T6184,H16
T6185,H17
T6186,H18
T6187,H19
T6188,H20
T6189,H21
T6190,H22
T6191,H23
T6192,H24
T6193,H01
T6194,H02
T6195,H03
T6196,H04
T6197,H05
T6198,H06
T6199,H07
T6200,H08
T6201,H09
T6202,H10
T6203,H11
T6204,H12
T6205,H13
T6206,H14
T6207,H15
T6208,H16
T6209,H17
T6210,H18
T6211,H19
T6212,H20
T6213,H21
T6214,H22
T6215,H23
T6216,H24
T6217,H01
T6218,H02
T6219,H03
T6220,H04
T6221,H05
T6222,H06
T6223,H07
T6224,H08
T6225,H09
T6226,H10
T6227,H11
T6228,H12
T6229,H13
T6230,H14
T6231,H15
T6232,H16
T6233,H17
T6234,H18
T6235,H19
T6236,H20
T6237,H21
T6238,H22
T6239,H23
T6240,H24
T6241,H01
T6242,H02
T6243,H03
T6244,H04
T6245,H05
T6246,H06
T6247,H07
T6248,H08
T6249,H09
T6250,H10
T6251,H11
T6252,H12
T6253,H13
T6254,H14
T6255,H15
T6256,H16
T6257,H17
T6258,H18
T6259,H19
T6260,H20
T6261,H21
T6262,H22
T6263,H23
T6264,H24
T6265,H01
T6266,H02
T6267,H03
T6268,H04
T6269,H05
T6270,H06
T6271,H07
T6272,H08
T6273,H09
T6274,H10
T6275,H11
T6276,H12
T6277,H13
T6278,H14
T6279,H15
T6280,H16
T6281,H17
T6282,H18
T6283,H19
T6284,H20
T6285,H21
T6286,H22
T6287,H23
T6288,H24
T6289,H01
T6290,H02
T6291,H03
T6292,H04
T6293,H05
T6294,H06
T6295,H07
T6296,H08
T6297,H09
T6298,H10
T6299,H11
T6300,H12
T6301,H13
T6302,H14
T6303,H15
T6304,H16
T6305,H17
T6306,H18
T6307,H19
T6308,H20
T6309,H21
T6310,H22
T6311,H23
T6312,H24
T6313,H01
T6314,H02
T6315,H03
T6316,H04
T6317,H05
T6318,H06
T6319,H07
T6320,H08
T6321,H09
T6322,H10
T6323,H11
T6324,H12
T6325,H13
T6326,H14
T6327,H15
T6328,H16
T6329,H17
T6330,H18
T6331,H19
T6332,H20
T6333,H21
T6334,H22
T6335,H23
T6336,H24
T6337,H01
T6338,H02
T6339,H03
T6340,H04
T6341,H05
T6342,H06
T6343,H07
T6344,H08
T6345,H09
T6346,H10
T6347,H11
T6348,H12
T6349,H13
T6350,H14
T6351,H15
T6352,H16
T6353,H17
T6354,H18
T6355,H19
T6356,H20
T6357,H21
T6358,H22
T6359,H23
T6360,H24
T6361,H01
T6362,H02
T6363,H03
T6364,H04
T6365,H05
T6366,H06
T6367,H07
T6368,H08
T6369,H09
T6370,H10
T6371,H11
T6372,H12
T6373,H13
T6374,H14
T6375,H15
T6376,H16
T6377,H17
T6378,H18
T6379,H19
T6380,H20
T6381,H21
T6382,H22
T6383,H23
T6384,H24
T6385,H01
T6386,H02
T6387,H03
T6388,H04
T6389,H05
T6390,H06
T6391,H07
T6392,H08
T6393,H09
T6394,H10
T6395,H11
T6396,H12
T6397,H13
T6398,H14
T6399,H15
T6400,H16
T6401,H17
T6402,H18
T6403,H19
T6404,H20
T6405,H21
T6406,H22
T6407,H23
T6408,H24
T6409,H01
T6410,H02
T6411,H03
T6412,H04
T6413,H05
T6414,H06
T6415,H07
T6416,H08
T6417,H09
T6418,H10
T6419,H11
T6420,H12
T6421,H13
T6422,H14
T6423,H15
T6424,H16
T6425,H17
T6426,H18
T6427,H19
T6428,H20
T6429,H21
T6430,H22
T6431,H23
T6432,H24
T6433,H01
T6434,H02
T6435,H03
T6436,H04
T6437,H05
T6438,H06
T6439,H07
T6440,H08
T6441,H09
T6442,H10
T6443,H11
T6444,H12
T6445,H13
T6446,H14
T6447,H15
T6448,H16
T6449,H17
T6450,H18
T6451,H19
T6452,H20
T6453,H21
T6454,H22
T6455,H23
T6456,H24
T6457,H01
T6458,H02
T6459,H03
T6460,H04
T6461,H05
T6462,H06
T6463,H07
T6464,H08
T6465,H09
T6466,H10
T6467,H11
T6468,H12
T6469,H13
T6470,H14
T6471,H15
T6472,H16
T6473,H17
T6474,H18
T6475,H19
T6476,H20
T6477,H21
T6478,H22
T6479,H23
T6480,H24
T6481,H01
T6482,H02
T6483,H03
T6484,H04
T6485,H05
T6486,H06
T6487,H07
T6488,H08
T6489,H09
T6490,H10
T6491,H11
T6492,H12
T6493,H13
T6494,H14
T6495,H15
T6496,H16
T6497,H17
T6498,H18
T6499,H19
T6500,H20
T6501,H21
T6502,H22
T6503,H23
T6504,H24
T6505,H01
T6506,H02
T6507,H03
T6508,H04
T6509,H05
T6510,H06
T6511,H07
T6512,H08
T6513,H09
T6514,H10
T6515,H11
T6516,H12
T6517,H13
T6518,H14
T6519,H15
T6520,H16
T6521,H17
T6522,H18
T6523,H19
T6524,H20
T6525,H21
T6526,H22
T6527,H23
T6528,H24
T6529,H01
T6530,H02
T6531,H03
T6532,H04
T6533,H05
T6534,H06
T6535,H07
T6536,H08
T6537,H09
T6538,H10
T6539,H11
T6540,H12
T6541,H13
T6542,H14
T6543,H15
T6544,H16
T6545,H17
T6546,H18
T6547,H19
T6548,H20
T6549,H21
T6550,H22
T6551,H23
T6552,H24
T6553,H01
T6554,H02
T6555,H03
T6556,H04
T6557,H05
T6558,H06
T6559,H07
T6560,H08
T6561,H09
T6562,H10
T6563,H11
T6564,H12
T6565,H13
T6566,H14
T6567,H15
T6568,H16
T6569,H17
T6570,H18
T6571,H19
T6572,H20
T6573,H21
T6574,H22
T6575,H23
T6576,H24
T6577,H01
T6578,H02
T6579,H03
T6580,H04
T6581,H05
T6582,H06
T6583,H07
T6584,H08
T6585,H09
T6586,H10
T6587,H11
T6588,H12
T6589,H13
T6590,H14
T6591,H15
T6592,H16
T6593,H17
T6594,H18
T6595,H19
T6596,H20
T6597,H21
T6598,H22
T6599,H23
T6600,H24
T6601,H01
T6602,H02
T6603,H03
T6604,H04
T6605,H05
T6606,H06
T6607,H07
T6608,H08
T6609,H09
T6610,H10
T6611,H11
T6612,H12
T6613,H13
T6614,H14
T6615,H15
T6616,H16
T6617,H17
T6618,H18
T6619,H19
T6620,H20
T6621,H21
T6622,H22
T6623,H23
T6624,H24
T6625,H01
T6626,H02
T6627,H03
T6628,H04
T6629,H05
T6630,H06
T6631,H07
T6632,H08
T6633,H09
T6634,H10
T6635,H11
T6636,H12
T6637,H13
T6638,H14
T6639,H15
T6640,H16
T6641,H17
T6642,H18
T6643,H19
T6644,H20
T6645,H21
T6646,H22
T6647,H23
T6648,H24
T6649,H01
T6650,H02
T6651,H03
T6652,H04
T6653,H05
T6654,H06
T6655,H07
T6656,H08
T6657,H09
T6658,H10
T6659,H11
T6660,H12
T6661,H13
T6662,H14
T6663,H15
T6664,H16
T6665,H17
T6666,H18
T6667,H19
T6668,H20
T6669,H21
T6670,H22
T6671,H23
T6672,H24
T6673,H01
T6674,H02
T6675,H03
T6676,H04
T6677,H05
T6678,H06
T6679,H07
T6680,H08
T6681,H09
T6682,H10
T6683,H11
T6684,H12
T6685,H13
T6686,H14
T6687,H15
T6688,H16
T6689,H17
T6690,H18
T6691,H19
T6692,H20
T6693,H21
T6694,H22
T6695,H23
T6696,H24
T6697,H01
T6698,H02
T6699,H03
T6700,H04
T6701,H05
T6702,H06
T6703,H07
T6704,H08
T6705,H09
T6706,H10
T6707,H11
T6708,H12
T6709,H13
T6710,H14
T6711,H15
T6712,H16
T6713,H17
T6714,H18
T6715,H19
T6716,H20
T6717,H21
T6718,H22
T6719,H23
T6720,H24
T6721,H01
T6722,H02
T6723,H03
T6724,H04
T6725,H05
T6726,H06
T6727,H07
T6728,H08
T6729,H09
T6730,H10
T6731,H11
T6732,H12
T6733,H13
T6734,H14
T6735,H15
T6736,H16
T6737,H17
T6738,H18
T6739,H19
T6740,H20
T6741,H21
T6742,H22
T6743,H23
T6744,H24
T6745,H01
T6746,H02
T6747,H03
T6748,H04
T6749,H05
T6750,H06
T6751,H07
T6752,H08
T6753,H09
T6754,H10
T6755,H11
T6756,H12
T6757,H13
T6758,H14
T6759,H15
T6760,H16
T6761,H17
T6762,H18
T6763,H19
T6764,H20
T6765,H21
T6766,H22
T6767,H23
T6768,H24
T6769,H01
T6770,H02
T6771,H03
T6772,H04
T6773,H05
T6774,H06
T6775,H07
T6776,H08
T6777,H09
T6778,H10
T6779,H11
T6780,H12
T6781,H13
T6782,H14
T6783,H15
T6784,H16
T6785,H17
T6786,H18
T6787,H19
T6788,H20
T6789,H21
T6790,H22
T6791,H23
T6792,H24
T6793,H01
T6794,H02
T6795,H03
T6796,H04
T6797,H05
T6798,H06
T6799,H07
T6800,H08
T6801,H09
T6802,H10
T6803,H11
T6804,H12
T6805,H13
T6806,H14
T6807,H15
T6808,H16
T6809,H17
T6810,H18
T6811,H19
T6812,H20
T6813,H21
T6814,H22
T6815,H23
T6816,H24
T6817,H01
T6818,H02
T6819,H03
T6820,H04
T6821,H05
T6822,H06
T6823,H07
T6824,H08
T6825,H09
T6826,H10
T6827,H11
T6828,H12
T6829,H13
T6830,H14
T6831,H15
T6832,H16
T6833,H17
T6834,H18
T6835,H19
T6836,H20
T6837,H21
T6838,H22
T6839,H23
T6840,H24
T6841,H01
T6842,H02
T6843,H03
T6844,H04
T6845,H05
T6846,H06
T6847,H07
T6848,H08
T6849,H09
T6850,H10
T6851,H11
T6852,H12
T6853,H13
T6854,H14
T6855,H15
T6856,H16
T6857,H17
T6858,H18
T6859,H19
T6860,H20
T6861,H21
T6862,H22
T6863,H23
T6864,H24
T6865,H01
T6866,H02
T6867,H03
T6868,H04
T6869,H05
T6870,H06
T6871,H07
T6872,H08
T6873,H09
T6874,H10
T6875,H11
T6876,H12
T6877,H13
T6878,H14
T6879,H15
T6880,H16
T6881,H17
T6882,H18
T6883,H19
T6884,H20
T6885,H21
T6886,H22
T6887,H23
T6888,H24
T6889,H01
T6890,H02
T6891,H03
T6892,H04
T6893,H05
T6894,H06
T6895,H07
T6896,H08
T6897,H09
T6898,H10
T6899,H11
T6900,H12
T6901,H13
T6902,H14
T6903,H15
T6904,H16
T6905,H17
T6906,H18
T6907,H19
T6908,H20
T6909,H21
T6910,H22
T6911,H23
T6912,H24
T6913,H01
T6914,H02
T6915,H03
T6916,H04
T6917,H05
T6918,H06
T6919,H07
T6920,H08
T6921,H09
T6922,H10
T6923,H11
T6924,H12
T6925,H13
T6926,H14
T6927,H15
T6928,H16
T6929,H17
T6930,H18
T6931,H19
T6932,H20
T6933,H21
T6934,H22
T6935,H23
T6936,H24
T6937,H01
T6938,H02
T6939,H03
T6940,H04
T6941,H05
T6942,H06
T6943,H07
T6944,H08
T6945,H09
T6946,H10
T6947,H11
T6948,H12
T6949,H13
T6950,H14
T6951,H15
T6952,H16
T6953,H17
T6954,H18
T6955,H19
T6956,H20
T6957,H21
T6958,H22
T6959,H23
T6960,H24
T6961,H01
T6962,H02
T6963,H03
T6964,H04
T6965,H05
T6966,H06
T6967,H07
T6968,H08
T6969,H09
T6970,H10
T6971,H11
T6972,H12
T6973,H13
T6974,H14
T6975,H15
T6976,H16
T6977,H17
T6978,H18
T6979,H19
T6980,H20
T6981,H21
T6982,H22
T6983,H23
T6984,H24
T6985,H01
T6986,H02
T6987,H03
T6988,H04
T6989,H05
T6990,H06
T6991,H07
T6992,H08
T6993,H09
T6994,H10
T6995,H11
T6996,H12
T6997,H13
T6998,H14
T6999,H15
T7000,H16
T7001,H17
T7002,H18
T7003,H19
T7004,H20
T7005,H21
T7006,H22
T7007,H23
T7008,H24
T7009,H01
T7010,H02
T7011,H03
T7012,H04
T7013,H05
T7014,H06
T7015,H07
T7016,H08
T7017,H09
T7018,H10
T7019,H11
T7020,H12
T7021,H13
T7022,H14
T7023,H15
T7024,H16
T7025,H17
T7026,H18
T7027,H19
T7028,H20
T7029,H21
T7030,H22
T7031,H23
T7032,H24
T7033,H01
T7034,H02
T7035,H03
T7036,H04
T7037,H05
T7038,H06
T7039,H07
T7040,H08
T7041,H09
T7042,H10
T7043,H11
T7044,H12
T7045,H13
T7046,H14
T7047,H15
T7048,H16
T7049,H17
T7050,H18
T7051,H19
T7052,H20
T7053,H21
T7054,H22
T7055,H23
T7056,H24
T7057,H01
T7058,H02
T7059,H03
T7060,H04
T7061,H05
T7062,H06
T7063,H07
T7064,H08
T7065,H09
T7066,H10
T7067,H11
T7068,H12
T7069,H13
T7070,H14
T7071,H15
T7072,H16
T7073,H17
T7074,H18
T7075,H19
T7076,H20
T7077,H21
T7078,H22
T7079,H23
T7080,H24
T7081,H01
T7082,H02
T7083,H03
T7084,H04
T7085,H05
T7086,H06
T7087,H07
T7088,H08
T7089,H09
T7090,H10
T7091,H11
T7092,H12
T7093,H13
T7094,H14
T7095,H15
T7096,H16
T7097,H17
T7098,H18
T7099,H19
T7100,H20
T7101,H21
T7102,H22
T7103,H23
T7104,H24
T7105,H01
T7106,H02
T7107,H03
T7108,H04
T7109,H05
T7110,H06
T7111,H07
T7112,H08
T7113,H09
T7114,H10
T7115,H11
T7116,H12
T7117,H13
T7118,H14
T7119,H15
T7120,H16
T7121,H17
T7122,H18
T7123,H19
T7124,H20
T7125,H21
T7126,H22
T7127,H23
T7128,H24
T7129,H01
T7130,H02
T7131,H03
T7132,H04
T7133,H05
T7134,H06
T7135,H07
T7136,H08
T7137,H09
T7138,H10
T7139,H11
T7140,H12
T7141,H13
T7142,H14
T7143,H15
T7144,H16
T7145,H17
T7146,H18
T7147,H19
T7148,H20
T7149,H21
T7150,H22
T7151,H23
T7152,H24
T7153,H01
T7154,H02
T7155,H03
T7156,H04
T7157,H05
T7158,H06
T7159,H07
T7160,H08
T7161,H09
T7162,H10
T7163,H11
T7164,H12
T7165,H13
T7166,H14
T7167,H15
T7168,H16
T7169,H17
T7170,H18
T7171,H19
T7172,H20
T7173,H21
T7174,H22
T7175,H23
T7176,H24
T7177,H01
T7178,H02
T7179,H03
T7180,H04
T7181,H05
T7182,H06
T7183,H07
T7184,H08
T7185,H09
T7186,H10
T7187,H11
T7188,H12
T7189,H13
T7190,H14
T7191,H15
T7192,H16
T7193,H17
T7194,H18
T7195,H19
T7196,H20
T7197,H21
T7198,H22
T7199,H23
T7200,H24
T7201,H01
T7202,H02
T7203,H03
T7204,H04
T7205,H05
T7206,H06
T7207,H07
T7208,H08
T7209,H09
T7210,H10
T7211,H11
T7212,H12
T7213,H13
T7214,H14
T7215,H15
T7216,H16
T7217,H17
T7218,H18
T7219,H19
T7220,H20
T7221,H21
T7222,H22
T7223,H23
T7224,H24
T7225,H01
T7226,H02
T7227,H03
T7228,H04
T7229,H05
T7230,H06
T7231,H07
T7232,H08
T7233,H09
T7234,H10
T7235,H11
T7236,H12
T7237,H13
T7238,H14
T7239,H15
T7240,H16
T7241,H17
T7242,H18
T7243,H19
T7244,H20
T7245,H21
T7246,H22
T7247,H23
T7248,H24
T7249,H01
T7250,H02
T7251,H03
T7252,H04
T7253,H05
T7254,H06
T7255,H07
T7256,H08
T7257,H09
T7258,H10
T7259,H11
T7260,H12
T7261,H13
T7262,H14
T7263,H15
T7264,H16
T7265,H17
T7266,H18
T7267,H19
T7268,H20
T7269,H21
T7270,H22
T7271,H23
T7272,H24
T7273,H01
T7274,H02
T7275,H03
T7276,H04
T7277,H05
T7278,H06
T7279,H07
T7280,H08
T7281,H09
T7282,H10
T7283,H11
T7284,H12
T7285,H13
T7286,H14
T7287,H15
T7288,H16
T7289,H17
T7290,H18
T7291,H19
T7292,H20
T7293,H21
T7294,H22
T7295,H23
T7296,H24
T7297,H01
T7298,H02
T7299,H03
T7300,H04
T7301,H05
T7302,H06
T7303,H07
T7304,H08
T7305,H09
T7306,H10
T7307,H11
T7308,H12
T7309,H13
T7310,H14
T7311,H15
T7312,H16
T7313,H17
T7314,H18
T7315,H19
T7316,H20
T7317,H21
T7318,H22
T7319,H23
T7320,H24
T7321,H01
T7322,H02
T7323,H03
T7324,H04
T7325,H05
T7326,H06
T7327,H07
T7328,H08
T7329,H09
T7330,H10
T7331,H11
T7332,H12
T7333,H13
T7334,H14
T7335,H15
T7336,H16
T7337,H17
T7338,H18
T7339,H19
T7340,H20
T7341,H21
T7342,H22
T7343,H23
T7344,H24
T7345,H01
T7346,H02
T7347,H03
T7348,H04
T7349,H05
T7350,H06
T7351,H07
T7352,H08
T7353,H09
T7354,H10
T7355,H11
T7356,H12
T7357,H13
T7358,H14
T7359,H15
T7360,H16
T7361,H17
T7362,H18
T7363,H19
T7364,H20
T7365,H21
T7366,H22
T7367,H23
T7368,H24
T7369,H01
T7370,H02
T7371,H03
T7372,H04
T7373,H05
T7374,H06
T7375,H07
T7376,H08
T7377,H09
T7378,H10
T7379,H11
T7380,H12
T7381,H13
T7382,H14
T7383,H15
T7384,H16
T7385,H17
T7386,H18
T7387,H19
T7388,H20
T7389,H21
T7390,H22
T7391,H23
T7392,H24
T7393,H01
T7394,H02
T7395,H03
T7396,H04
T7397,H05
T7398,H06
T7399,H07
T7400,H08
T7401,H09
T7402,H10
T7403,H11
T7404,H12
T7405,H13
T7406,H14
T7407,H15
T7408,H16
T7409,H17
T7410,H18
T7411,H19
T7412,H20
T7413,H21
T7414,H22
T7415,H23
T7416,H24
T7417,H01
T7418,H02
T7419,H03
T7420,H04
T7421,H05
T7422,H06
T7423,H07
T7424,H08
T7425,H09
T7426,H10
T7427,H11
T7428,H12
T7429,H13
T7430,H14
T7431,H15
T7432,H16
T7433,H17
T7434,H18
T7435,H19
T7436,H20
T7437,H21
T7438,H22
T7439,H23
T7440,H24
T7441,H01
T7442,H02
T7443,H03
T7444,H04
T7445,H05
T7446,H06
T7447,H07
T7448,H08
T7449,H09
T7450,H10
T7451,H11
T7452,H12
T7453,H13
T7454,H14
T7455,H15
T7456,H16
T7457,H17
T7458,H18
T7459,H19
T7460,H20
T7461,H21
T7462,H22
T7463,H23
T7464,H24
T7465,H01
T7466,H02
T7467,H03
T7468,H04
T7469,H05
T7470,H06
T7471,H07
T7472,H08
T7473,H09
T7474,H10
T7475,H11
T7476,H12
T7477,H13
T7478,H14
T7479,H15
T7480,H16
T7481,H17
T7482,H18
T7483,H19
T7484,H20
T7485,H21
T7486,H22
T7487,H23
T7488,H24
T7489,H01
T7490,H02
T7491,H03
T7492,H04
T7493,H05
T7494,H06
T7495,H07
T7496,H08
T7497,H09
T7498,H10
T7499,H11
T7500,H12
T7501,H13
T7502,H14
T7503,H15
T7504,H16
T7505,H17
T7506,H18
T7507,H19
T7508,H20
T7509,H21
T7510,H22
T7511,H23
T7512,H24
T7513,H01
T7514,H02
T7515,H03
T7516,H04
T7517,H05
T7518,H06
T7519,H07
T7520,H08
T7521,H09
T7522,H10
T7523,H11
T7524,H12
T7525,H13
T7526,H14
T7527,H15
T7528,H16
T7529,H17
T7530,H18
T7531,H19
T7532,H20
T7533,H21
T7534,H22
T7535,H23
T7536,H24
T7537,H01
T7538,H02
T7539,H03
T7540,H04
T7541,H05
T7542,H06
T7543,H07
T7544,H08
T7545,H09
T7546,H10
T7547,H11
T7548,H12
T7549,H13
T7550,H14
T7551,H15
T7552,H16
T7553,H17
T7554,H18
T7555,H19
T7556,H20
T7557,H21
T7558,H22
T7559,H23
T7560,H24
T7561,H01
T7562,H02
T7563,H03
T7564,H04
T7565,H05
T7566,H06
T7567,H07
T7568,H08
T7569,H09
T7570,H10
T7571,H11
T7572,H12
T7573,H13
T7574,H14
T7575,H15
T7576,H16
T7577,H17
T7578,H18
T7579,H19
T7580,H20
T7581,H21
T7582,H22
T7583,H23
T7584,H24
T7585,H01
T7586,H02
T7587,H03
T7588,H04
T7589,H05
T7590,H06
T7591,H07
T7592,H08
T7593,H09
T7594,H10
T7595,H11
T7596,H12
T7597,H13
T7598,H14
T7599,H15
T7600,H16
T7601,H17
T7602,H18
T7603,H19
T7604,H20
T7605,H21
T7606,H22
T7607,H23
T7608,H24
T7609,H01
T7610,H02
T7611,H03
T7612,H04
T7613,H05
T7614,H06
T7615,H07
T7616,H08
T7617,H09
T7618,H10
T7619,H11
T7620,H12
T7621,H13
T7622,H14
T7623,H15
T7624,H16
T7625,H17
T7626,H18
T7627,H19
T7628,H20
T7629,H21
T7630,H22
T7631,H23
T7632,H24
T7633,H01
T7634,H02
T7635,H03
T7636,H04
T7637,H05
T7638,H06
T7639,H07
T7640,H08
T7641,H09
T7642,H10
T7643,H11
T7644,H12
T7645,H13
T7646,H14
T7647,H15
T7648,H16
T7649,H17
T7650,H18
T7651,H19
T7652,H20
T7653,H21
T7654,H22
T7655,H23
T7656,H24
T7657,H01
T7658,H02
T7659,H03
T7660,H04
T7661,H05
T7662,H06
T7663,H07
T7664,H08
T7665,H09
T7666,H10
T7667,H11
T7668,H12
T7669,H13
T7670,H14
T7671,H15
T7672,H16
T7673,H17
T7674,H18
T7675,H19
T7676,H20
T7677,H21
T7678,H22
T7679,H23
T7680,H24
T7681,H01
T7682,H02
T7683,H03
T7684,H04
T7685,H05
T7686,H06
T7687,H07
T7688,H08
T7689,H09
T7690,H10
T7691,H11
T7692,H12
T7693,H13
T7694,H14
T7695,H15
T7696,H16
T7697,H17
T7698,H18
T7699,H19
T7700,H20
T7701,H21
T7702,H22
T7703,H23
T7704,H24
T7705,H01
T7706,H02
T7707,H03
T7708,H04
T7709,H05
T7710,H06
T7711,H07
T7712,H08
T7713,H09
T7714,H10
T7715,H11
T7716,H12
T7717,H13
T7718,H14
T7719,H15
T7720,H16
T7721,H17
T7722,H18
T7723,H19
T7724,H20
T7725,H21
T7726,H22
T7727,H23
T7728,H24
T7729,H01
T7730,H02
T7731,H03
T7732,H04
T7733,H05
T7734,H06
T7735,H07
T7736,H08
T7737,H09
T7738,H10
T7739,H11
T7740,H12
T7741,H13
T7742,H14
T7743,H15
T7744,H16
T7745,H17
T7746,H18
T7747,H19
T7748,H20
T7749,H21
T7750,H22
T7751,H23
T7752,H24
T7753,H01
T7754,H02
T7755,H03
T7756,H04
T7757,H05
T7758,H06
T7759,H07
T7760,H08
T7761,H09
T7762,H10
T7763,H11
T7764,H12
T7765,H13
T7766,H14
T7767,H15
T7768,H16
T7769,H17
T7770,H18
T7771,H19
T7772,H20
T7773,H21
T7774,H22
T7775,H23
T7776,H24
T7777,H01
T7778,H02
T7779,H03
T7780,H04
T7781,H05
T7782,H06
T7783,H07
T7784,H08
T7785,H09
T7786,H10
T7787,H11
T7788,H12
T7789,H13
T7790,H14
T7791,H15
T7792,H16
T7793,H17
T7794,H18
T7795,H19
T7796,H20
T7797,H21
T7798,H22
T7799,H23
T7800,H24
T7801,H01
T7802,H02
T7803,H03
T7804,H04
T7805,H05
T7806,H06
T7807,H07
T7808,H08
T7809,H09
T7810,H10
T7811,H11
T7812,H12
T7813,H13
T7814,H14
T7815,H15
T7816,H16
T7817,H17
T7818,H18
T7819,H19
T7820,H20
T7821,H21
T7822,H22
T7823,H23
T7824,H24
T7825,H01
T7826,H02
T7827,H03
T7828,H04
T7829,H05
T7830,H06
T7831,H07
T7832,H08
T7833,H09
T7834,H10
T7835,H11
T7836,H12
T7837,H13
T7838,H14
T7839,H15
T7840,H16
T7841,H17
T7842,H18
T7843,H19
T7844,H20
T7845,H21
T7846,H22
T7847,H23
T7848,H24
T7849,H01
T7850,H02
T7851,H03
T7852,H04
T7853,H05
T7854,H06
T7855,H07
T7856,H08
T7857,H09
T7858,H10
T7859,H11
T7860,H12
T7861,H13
T7862,H14
T7863,H15
T7864,H16
T7865,H17
T7866,H18
T7867,H19
T7868,H20
T7869,H21
T7870,H22
T7871,H23
T7872,H24
T7873,H01
T7874,H02
T7875,H03
T7876,H04
T7877,H05
T7878,H06
T7879,H07
T7880,H08
T7881,H09
T7882,H10
T7883,H11
T7884,H12
T7885,H13
T7886,H14
T7887,H15
T7888,H16
T7889,H17
T7890,H18
T7891,H19
T7892,H20
T7893,H21
T7894,H22
T7895,H23
T7896,H24
T7897,H01
T7898,H02
T7899,H03
T7900,H04
T7901,H05
T7902,H06
T7903,H07
T7904,H08
T7905,H09
T7906,H10
T7907,H11
T7908,H12
T7909,H13
T7910,H14
T7911,H15
T7912,H16
T7913,H17
T7914,H18
T7915,H19
T7916,H20
T7917,H21
T7918,H22
T7919,H23
T7920,H24
T7921,H01
T7922,H02
T7923,H03
T7924,H04
T7925,H05
T7926,H06
T7927,H07
T7928,H08
T7929,H09
T7930,H10
T7931,H11
T7932,H12
T7933,H13
T7934,H14
T7935,H15
T7936,H16
T7937,H17
T7938,H18
T7939,H19
T7940,H20
T7941,H21
T7942,H22
T7943,H23
T7944,H24
T7945,H01
T7946,H02
T7947,H03
T7948,H04
T7949,H05
T7950,H06
T7951,H07
T7952,H08
T7953,H09
T7954,H10
T7955,H11
T7956,H12
T7957,H13
T7958,H14
T7959,H15
T7960,H16
T7961,H17
T7962,H18
T7963,H19
T7964,H20
T7965,H21
T7966,H22
T7967,H23
T7968,H24
T7969,H01
T7970,H02
T7971,H03
T7972,H04
T7973,H05
T7974,H06
T7975,H07
T7976,H08
T7977,H09
T7978,H10
T7979,H11
T7980,H12
T7981,H13
T7982,H14
T7983,H15
T7984,H16
T7985,H17
T7986,H18
T7987,H19
T7988,H20
T7989,H21
T7990,H22
T7991,H23
T7992,H24
T7993,H01
T7994,H02
T7995,H03
T7996,H04
T7997,H05
T7998,H06
T7999,H07
T8000,H08
T8001,H09
T8002,H10
T8003,H11
T8004,H12
T8005,H13
T8006,H14
T8007,H15
T8008,H16
T8009,H17
T8010,H18
T8011,H19
T8012,H20
T8013,H21
T8014,H22
T8015,H23
T8016,H24
T8017,H01
T8018,H02
T8019,H03
T8020,H04
T8021,H05
T8022,H06
T8023,H07
T8024,H08
T8025,H09
T8026,H10
T8027,H11
T8028,H12
T8029,H13
T8030,H14
T8031,H15
T8032,H16
T8033,H17
T8034,H18
T8035,H19
T8036,H20
T8037,H21
T8038,H22
T8039,H23
T8040,H24
T8041,H01
T8042,H02
T8043,H03
T8044,H04
T8045,H05
T8046,H06
T8047,H07
T8048,H08
T8049,H09
T8050,H10
T8051,H11
T8052,H12
T8053,H13
T8054,H14
T8055,H15
T8056,H16
T8057,H17
T8058,H18
T8059,H19
T8060,H20
T8061,H21
T8062,H22
T8063,H23
T8064,H24
T8065,H01
T8066,H02
T8067,H03
T8068,H04
T8069,H05
T8070,H06
T8071,H07
T8072,H08
T8073,H09
T8074,H10
T8075,H11
T8076,H12
T8077,H13
T8078,H14
T8079,H15
T8080,H16
T8081,H17
T8082,H18
T8083,H19
T8084,H20
T8085,H21
T8086,H22
T8087,H23
T8088,H24
T8089,H01
T8090,H02
T8091,H03
T8092,H04
T8093,H05
T8094,H06
T8095,H07
T8096,H08
T8097,H09
T8098,H10
T8099,H11
T8100,H12
T8101,H13
T8102,H14
T8103,H15
T8104,H16
T8105,H17
T8106,H18
T8107,H19
T8108,H20
T8109,H21
T8110,H22
T8111,H23
T8112,H24
T8113,H01
T8114,H02
T8115,H03
T8116,H04
T8117,H05
T8118,H06
T8119,H07
T8120,H08
T8121,H09
T8122,H10
T8123,H11
T8124,H12
T8125,H13
T8126,H14
T8127,H15
T8128,H16
T8129,H17
T8130,H18
T8131,H19
T8132,H20
T8133,H21
T8134,H22
T8135,H23
T8136,H24
T8137,H01
T8138,H02
T8139,H03
T8140,H04
T8141,H05
T8142,H06
T8143,H07
T8144,H08
T8145,H09
T8146,H10
T8147,H11
T8148,H12
T8149,H13
T8150,H14
T8151,H15
T8152,H16
T8153,H17
T8154,H18
T8155,H19
T8156,H20
T8157,H21
T8158,H22
T8159,H23
T8160,H24
T8161,H01
T8162,H02
T8163,H03
T8164,H04
T8165,H05
T8166,H06
T8167,H07
T8168,H08
T8169,H09
T8170,H10
T8171,H11
T8172,H12
T8173,H13
T8174,H14
T8175,H15
T8176,H16
T8177,H17
T8178,H18
T8179,H19
T8180,H20
T8181,H21
T8182,H22
T8183,H23
T8184,H24
T8185,H01
T8186,H02
T8187,H03
T8188,H04
T8189,H05
T8190,H06
T8191,H07
T8192,H08
T8193,H09
T8194,H10
T8195,H11
T8196,H12
T8197,H13
T8198,H14
T8199,H15
T8200,H16
T8201,H17
T8202,H18
T8203,H19
T8204,H20
T8205,H21
T8206,H22
T8207,H23
T8208,H24
T8209,H01
T8210,H02
T8211,H03
T8212,H04
T8213,H05
T8214,H06
T8215,H07
T8216,H08
T8217,H09
T8218,H10
T8219,H11
T8220,H12
T8221,H13
T8222,H14
T8223,H15
T8224,H16
T8225,H17
T8226,H18
T8227,H19
T8228,H20
T8229,H21
T8230,H22
T8231,H23
T8232,H24
T8233,H01
T8234,H02
T8235,H03
T8236,H04
T8237,H05
T8238,H06
T8239,H07
T8240,H08
T8241,H09
T8242,H10
T8243,H11
T8244,H12
T8245,H13
T8246,H14
T8247,H15
T8248,H16
T8249,H17
T8250,H18
T8251,H19
T8252,H20
T8253,H21
T8254,H22
T8255,H23
T8256,H24
T8257,H01
T8258,H02
T8259,H03
T8260,H04
T8261,H05
T8262,H06
T8263,H07
T8264,H08
T8265,H09
T8266,H10
T8267,H11
T8268,H12
T8269,H13
T8270,H14
T8271,H15
T8272,H16
T8273,H17
T8274,H18
T8275,H19
T8276,H20
T8277,H21
T8278,H22
T8279,H23
T8280,H24
T8281,H01
T8282,H02
T8283,H03
T8284,H04
T8285,H05
T8286,H06
T8287,H07
T8288,H08
T8289,H09
T8290,H10
T8291,H11
T8292,H12
T8293,H13
T8294,H14
T8295,H15
T8296,H16
T8297,H17
T8298,H18
T8299,H19
T8300,H20
T8301,H21
T8302,H22
T8303,H23
T8304,H24
T8305,H01
T8306,H02
T8307,H03
T8308,H04
T8309,H05
T8310,H06
T8311,H07
T8312,H08
T8313,H09
T8314,H10
T8315,H11
T8316,H12
T8317,H13
T8318,H14
T8319,H15
T8320,H16
T8321,H17
T8322,H18
T8323,H19
T8324,H20
T8325,H21
T8326,H22
T8327,H23
T8328,H24
T8329,H01
T8330,H02
T8331,H03
T8332,H04
T8333,H05
T8334,H06
T8335,H07
T8336,H08
T8337,H09
T8338,H10
T8339,H11
T8340,H12
T8341,H13
T8342,H14
T8343,H15
T8344,H16
T8345,H17
T8346,H18
T8347,H19
T8348,H20
T8349,H21
T8350,H22
T8351,H23
T8352,H24
T8353,H01
T8354,H02
T8355,H03
T8356,H04
T8357,H05
T8358,H06
T8359,H07
T8360,H08
T8361,H09
T8362,H10
T8363,H11
T8364,H12
T8365,H13
T8366,H14
T8367,H15
T8368,H16
T8369,H17
T8370,H18
T8371,H19
T8372,H20
T8373,H21
T8374,H22
T8375,H23
T8376,H24
T8377,H01
T8378,H02
T8379,H03
T8380,H04
T8381,H05
T8382,H06
T8383,H07
T8384,H08
T8385,H09
T8386,H10
T8387,H11
T8388,H12
T8389,H13
T8390,H14
T8391,H15
T8392,H16
T8393,H17
T8394,H18
T8395,H19
T8396,H20
T8397,H21
T8398,H22
T8399,H23
T8400,H24
T8401,H01
T8402,H02
T8403,H03
T8404,H04
T8405,H05
T8406,H06
T8407,H07
T8408,H08
T8409,H09
T8410,H10
T8411,H11
T8412,H12
T8413,H13
T8414,H14
T8415,H15
T8416,H16
T8417,H17
T8418,H18
T8419,H19
T8420,H20
T8421,H21
T8422,H22
T8423,H23
T8424,H24
T8425,H01
T8426,H02
T8427,H03
T8428,H04
T8429,H05
T8430,H06
T8431,H07
T8432,H08
T8433,H09
T8434,H10
T8435,H11
T8436,H12
T8437,H13
T8438,H14
T8439,H15
T8440,H16
T8441,H17
T8442,H18
T8443,H19
T8444,H20
T8445,H21
T8446,H22
T8447,H23
T8448,H24
T8449,H01
T8450,H02
T8451,H03
T8452,H04
T8453,H05
T8454,H06
T8455,H07
T8456,H08
T8457,H09
T8458,H10
T8459,H11
T8460,H12
T8461,H13
T8462,H14
T8463,H15
T8464,H16
T8465,H17
T8466,H18
T8467,H19
T8468,H20
T8469,H21
T8470,H22
T8471,H23
T8472,H24
T8473,H01
T8474,H02
T8475,H03
T8476,H04
T8477,H05
T8478,H06
T8479,H07
T8480,H08
T8481,H09
T8482,H10
T8483,H11
T8484,H12
T8485,H13
T8486,H14
T8487,H15
T8488,H16
T8489,H17
T8490,H18
T8491,H19
T8492,H20
T8493,H21
T8494,H22
T8495,H23
T8496,H24
T8497,H01
T8498,H02
T8499,H03
T8500,H04
T8501,H05
T8502,H06
T8503,H07
T8504,H08
T8505,H09
T8506,H10
T8507,H11
T8508,H12
T8509,H13
T8510,H14
T8511,H15
T8512,H16
T8513,H17
T8514,H18
T8515,H19
T8516,H20
T8517,H21
T8518,H22
T8519,H23
T8520,H24
T8521,H01
T8522,H02
T8523,H03
T8524,H04
T8525,H05
T8526,H06
T8527,H07
T8528,H08
T8529,H09
T8530,H10
T8531,H11
T8532,H12
T8533,H13
T8534,H14
T8535,H15
T8536,H16
T8537,H17
T8538,H18
T8539,H19
T8540,H20
T8541,H21
T8542,H22
T8543,H23
T8544,H24
T8545,H01
T8546,H02
T8547,H03
T8548,H04
T8549,H05
T8550,H06
T8551,H07
T8552,H08
T8553,H09
T8554,H10
T8555,H11
T8556,H12
T8557,H13
T8558,H14
T8559,H15
T8560,H16
T8561,H17
T8562,H18
T8563,H19
T8564,H20
T8565,H21
T8566,H22
T8567,H23
T8568,H24
T8569,H01
T8570,H02
T8571,H03
T8572,H04
T8573,H05
T8574,H06
T8575,H07
T8576,H08
T8577,H09
T8578,H10
T8579,H11
T8580,H12
T8581,H13
T8582,H14
T8583,H15
T8584,H16
T8585,H17
T8586,H18
T8587,H19
T8588,H20
T8589,H21
T8590,H22
T8591,H23
T8592,H24
T8593,H01
T8594,H02
T8595,H03
T8596,H04
T8597,H05
T8598,H06
T8599,H07
T8600,H08
T8601,H09
T8602,H10
T8603,H11
T8604,H12
T8605,H13
T8606,H14
T8607,H15
T8608,H16
T8609,H17
T8610,H18
T8611,H19
T8612,H20
T8613,H21
T8614,H22
T8615,H23
T8616,H24
T8617,H01
T8618,H02
T8619,H03
T8620,H04
T8621,H05
T8622,H06
T8623,H07
T8624,H08
T8625,H09
T8626,H10
T8627,H11
T8628,H12
T8629,H13
T8630,H14
T8631,H15
T8632,H16
T8633,H17
T8634,H18
T8635,H19
T8636,H20
T8637,H21
T8638,H22
T8639,H23
T8640,H24
T8641,H01
T8642,H02
T8643,H03
T8644,H04
T8645,H05
T8646,H06
T8647,H07
T8648,H08
T8649,H09
T8650,H10
T8651,H11
T8652,H12
T8653,H13
T8654,H14
T8655,H15
T8656,H16
T8657,H17
T8658,H18
T8659,H19
T8660,H20
T8661,H21
T8662,H22
T8663,H23
T8664,H24
T8665,H01
T8666,H02
T8667,H03
T8668,H04
T8669,H05
T8670,H06
T8671,H07
T8672,H08
T8673,H09
T8674,H10
T8675,H11
T8676,H12
T8677,H13
T8678,H14
T8679,H15
T8680,H16
T8681,H17
T8682,H18
T8683,H19
T8684,H20
T8685,H21
T8686,H22
T8687,H23
T8688,H24
T8689,H01
T8690,H02
T8691,H03
T8692,H04
T8693,H05
T8694,H06
T8695,H07
T8696,H08
T8697,H09
T8698,H10
T8699,H11
T8700,H12
T8701,H13
T8702,H14
T8703,H15
T8704,H16
T8705,H17
T8706,H18
T8707,H19
T8708,H20
T8709,H21
T8710,H22
T8711,H23
T8712,H24
T8713,H01
T8714,H02
T8715,H03
T8716,H04
T8717,H05
T8718,H06
T8719,H07
T8720,H08
T8721,H09
T8722,H10
T8723,H11
T8724,H12
T8725,H13
T8726,H14
T8727,H15
T8728,H16
T8729,H17
T8730,H18
T8731,H19
T8732,H20
T8733,H21
T8734,H22
T8735,H23
T8736,H24
T8737,H01
T8738,H02
T8739,H03
T8740,H04
T8741,H05
T8742,H06
T8743,H07
T8744,H08
T8745,H09
T8746,H10
T8747,H11
T8748,H12
T8749,H13
T8750,H14
T8751,H15
T8752,H16
T8753,H17
T8754,H18
T8755,H19
T8756,H20
T8757,H21
T8758,H22
T8759,H23
T8760,H24
